ID,NUMBER,ENGLISH
BarlowKillian-2023-967-1,1,1du.excl.poss (edible)
BarlowKillian-2023-967-2,2,1du.excl.poss suffix
BarlowKillian-2023-967-3,3,1du.excl pronoun (non-subject)
BarlowKillian-2023-967-4,4,1du.excl pronoun (subject)
BarlowKillian-2023-967-5,5,1du.incl.poss (edible)
BarlowKillian-2023-967-6,6,1du.incl.poss suffix
BarlowKillian-2023-967-7,7,1du.incl pronoun (non-subject)
BarlowKillian-2023-967-8,8,1du.incl pronoun (subject)
BarlowKillian-2023-967-9,9,1pl.excl.poss (edible)
BarlowKillian-2023-967-10,10,1pl.excl.poss (general)
BarlowKillian-2023-967-11,11,1pl.excl.poss suffix
BarlowKillian-2023-967-12,12,1pl.excl pronoun (non-subject)
BarlowKillian-2023-967-13,13,1pl.excl pronoun (subject)
BarlowKillian-2023-967-14,14,1pl.incl.poss (edible)
BarlowKillian-2023-967-15,15,1pl.incl.poss (general)
BarlowKillian-2023-967-16,16,1pl.incl.poss suffix
BarlowKillian-2023-967-17,17,1pl.incl pronoun (non-subject)
BarlowKillian-2023-967-18,18,1pl.incl pronoun (subject)
BarlowKillian-2023-967-19,19,1sg.poss (drinkable)
BarlowKillian-2023-967-20,20,1sg.poss (edible)
BarlowKillian-2023-967-21,21,1sg.poss (general)
BarlowKillian-2023-967-22,22,1sg.poss suffix
BarlowKillian-2023-967-23,23,1sg pronoun (subject or non-subject)
BarlowKillian-2023-967-24,24,2du.poss (edible)
BarlowKillian-2023-967-25,25,2du.poss suffix
BarlowKillian-2023-967-26,26,2du pronoun (non-subject)
BarlowKillian-2023-967-27,27,2du pronoun (subject)
BarlowKillian-2023-967-28,28,2pl.poss (edible)
BarlowKillian-2023-967-29,29,2pl.poss suffix
BarlowKillian-2023-967-30,30,2pl pronoun (non-subject)
BarlowKillian-2023-967-31,31,2pl pronoun (subject)
BarlowKillian-2023-967-32,32,2sg/3sg.real subject marker
BarlowKillian-2023-967-33,33,2sg.irr subject marker
BarlowKillian-2023-967-34,34,2sg.poss (drinkable)
BarlowKillian-2023-967-35,35,2sg.poss (edible)
BarlowKillian-2023-967-36,36,2sg.poss (general)
BarlowKillian-2023-967-37,37,2sg.poss suffix
BarlowKillian-2023-967-38,38,2sg pronoun (non-subject)
BarlowKillian-2023-967-39,39,2sg pronoun (subject)
BarlowKillian-2023-967-40,40,3du.poss (edible)
BarlowKillian-2023-967-41,41,3du.poss (general)
BarlowKillian-2023-967-42,42,3du.poss suffix
BarlowKillian-2023-967-43,43,3du pronoun (subject or non-subject)
BarlowKillian-2023-967-44,44,3pl.poss (edible)
BarlowKillian-2023-967-45,45,3pl.poss suffix
BarlowKillian-2023-967-46,46,3pl pronoun (subject or non-subject)
BarlowKillian-2023-967-47,47,3sg.irr subject marker
BarlowKillian-2023-967-48,48,3sg.poss (drinkable)
BarlowKillian-2023-967-49,49,3sg.poss (edible)
BarlowKillian-2023-967-50,50,3sg.poss (general)
BarlowKillian-2023-967-51,51,3sg.poss suffix
BarlowKillian-2023-967-52,52,3sg pronoun (subject)
BarlowKillian-2023-967-53,53,"above, atop"
BarlowKillian-2023-967-54,54,adjective marker (?)
BarlowKillian-2023-967-55,55,adze; seashell used to smooth wood
BarlowKillian-2023-967-56,56,adze; tool to dig out canoes
BarlowKillian-2023-967-57,57,affirmative interjection
BarlowKillian-2023-967-58,58,"afternoon, evening"
BarlowKillian-2023-967-59,59,again
BarlowKillian-2023-967-60,60,all
BarlowKillian-2023-967-61,61,already
BarlowKillian-2023-967-62,62,ancestor 
BarlowKillian-2023-967-63,63,"ancestor; sorceress, witch"
BarlowKillian-2023-967-64,64,and (coordinator)
BarlowKillian-2023-967-65,65,angry; to anger
BarlowKillian-2023-967-66,66,"animal, meat"
BarlowKillian-2023-967-67,67,another
BarlowKillian-2023-967-68,68,anus
BarlowKillian-2023-967-69,69,areca leaf
BarlowKillian-2023-967-70,70,areca nut (betel nut)
BarlowKillian-2023-967-71,71,areca palm
BarlowKillian-2023-967-72,72,arecoid palm sp. (wild arecoid palm)
BarlowKillian-2023-967-73,73,arecoid palm (TP: limbum)
BarlowKillian-2023-967-74,74,armpit
BarlowKillian-2023-967-75,75,ashes; dust
BarlowKillian-2023-967-76,76,ashpit
BarlowKillian-2023-967-77,77,"at, in, on; to, towards (preposition)"
BarlowKillian-2023-967-78,78,"at, in (preposition)"
BarlowKillian-2023-967-79,79,at (preposition)
BarlowKillian-2023-967-80,80,augmentative prefix (?)
BarlowKillian-2023-967-81,81,axe
BarlowKillian-2023-967-82,82,"backbone, spine"
BarlowKillian-2023-967-83,83,"back of, behind; after, afterwards"
BarlowKillian-2023-967-84,84,back of the body; backside; stern of a canoe
BarlowKillian-2023-967-85,85,bad
BarlowKillian-2023-967-86,86,bald spot; cassowary casque
BarlowKillian-2023-967-87,87,ball
BarlowKillian-2023-967-88,88,bamboo
BarlowKillian-2023-967-89,89,banana
BarlowKillian-2023-967-90,90,banana fruit
BarlowKillian-2023-967-91,91,banana leaf
BarlowKillian-2023-967-92,92,banana plant
BarlowKillian-2023-967-93,93,bandicoot
BarlowKillian-2023-967-94,94,bark
BarlowKillian-2023-967-95,95,bark of a tree
BarlowKillian-2023-967-96,96,base of a coconut shell
BarlowKillian-2023-967-97,97,basket
BarlowKillian-2023-967-98,98,"bay, harbor"
BarlowKillian-2023-967-99,99,"beach, shore"
BarlowKillian-2023-967-100,100,beam (of sunlight)
BarlowKillian-2023-967-101,101,bean; corn (maize)
BarlowKillian-2023-967-102,102,beard
BarlowKillian-2023-967-103,103,"before, earlier"
BarlowKillian-2023-967-104,104,behavior
BarlowKillian-2023-967-105,105,"belch, burp"
BarlowKillian-2023-967-106,106,"belly, stomach; canoe"
BarlowKillian-2023-967-107,107,betel pepper leaf (TP: lip daka)
BarlowKillian-2023-967-108,108,betel pepper seed
BarlowKillian-2023-967-109,109,betel pepper (TP: daka)
BarlowKillian-2023-967-110,110,betel pepper vine (TP: rop daka)
BarlowKillian-2023-967-111,111,big
BarlowKillian-2023-967-112,112,"big man, chief"
BarlowKillian-2023-967-113,113,"bird, chicken"
BarlowKillian-2023-967-114,114,bird sp. (bird that portends rain)
BarlowKillian-2023-967-115,115,bird sp. (bird that sings at sunrise and sunset)
BarlowKillian-2023-967-116,116,bird sp. (cassowary; TP: muruk)
BarlowKillian-2023-967-117,117,bird sp. (cockatoo; TP: koki)
BarlowKillian-2023-967-118,118,bird sp. (crow; TP: kotkot)
BarlowKillian-2023-967-119,119,bird sp. (hawk; TP: taragau)
BarlowKillian-2023-967-120,120,bird sp. (hornbill; TP: kokomo)
BarlowKillian-2023-967-121,121,bird sp. (kingfisher)
BarlowKillian-2023-967-122,122,bird sp. (owl)
BarlowKillian-2023-967-123,123,bird sp. (parrot; TP: kalangal)
BarlowKillian-2023-967-124,124,bird sp. (parrot with red feathers; TP: marip)
BarlowKillian-2023-967-125,125,bird sp. (pigeon; TP: balus)
BarlowKillian-2023-967-126,126,bird sp. (sparrow)
BarlowKillian-2023-967-127,127,bird sp. (wild fowl)
BarlowKillian-2023-967-128,128,"bird sp. (willie wagtail, toilet keeper)"
BarlowKillian-2023-967-129,129,"bitter, salty"
BarlowKillian-2023-967-130,130,black
BarlowKillian-2023-967-131,131,black; dirty
BarlowKillian-2023-967-132,132,bladder
BarlowKillian-2023-967-133,133,blind
BarlowKillian-2023-967-134,134,blood; sap of a tree; spirit type (TP: masalai)
BarlowKillian-2023-967-135,135,"boil, blister"
BarlowKillian-2023-967-136,136,bone
BarlowKillian-2023-967-137,137,bottom
BarlowKillian-2023-967-138,138,bottom; base of a coconut shell; stump of a tree
BarlowKillian-2023-967-139,139,boy
BarlowKillian-2023-967-140,140,"boy, male child"
BarlowKillian-2023-967-141,141,brain
BarlowKillian-2023-967-142,142,branch
BarlowKillian-2023-967-143,143,breadfruit
BarlowKillian-2023-967-144,144,breadfruit fruit
BarlowKillian-2023-967-145,145,breadfruit leaf
BarlowKillian-2023-967-146,146,breadfruit tree
BarlowKillian-2023-967-147,147,breast
BarlowKillian-2023-967-148,148,breeze
BarlowKillian-2023-967-149,149,bridge; table
BarlowKillian-2023-967-150,150,broom
BarlowKillian-2023-967-151,151,brother; male parallel cousin
BarlowKillian-2023-967-152,152,buttocks
BarlowKillian-2023-967-153,153,buttress root sp.
BarlowKillian-2023-967-154,154,cane grass (TP: pitpit)
BarlowKillian-2023-967-155,155,canoe
BarlowKillian-2023-967-156,156,cassava
BarlowKillian-2023-967-157,157,causative prefix
BarlowKillian-2023-967-158,158,cemetery (TP: matmat)
BarlowKillian-2023-967-159,159,chair
BarlowKillian-2023-967-160,160,channel
BarlowKillian-2023-967-161,161,charcoal
BarlowKillian-2023-967-162,162,chest
BarlowKillian-2023-967-163,163,chewed-up betel nut (TP: meme)
BarlowKillian-2023-967-164,164,chicken
BarlowKillian-2023-967-165,165,child
BarlowKillian-2023-967-166,166,"child, baby"
BarlowKillian-2023-967-167,167,child (especially a boy)
BarlowKillian-2023-967-168,168,child (kinship term)
BarlowKillian-2023-967-169,169,child; man's sister's daughter (niece)
BarlowKillian-2023-967-170,170,children (plural)
BarlowKillian-2023-967-171,171,"chin, cheek (?)"
BarlowKillian-2023-967-172,172,"chin, cheek"
BarlowKillian-2023-967-173,173,cigar
BarlowKillian-2023-967-174,174,circumcision (performed for boys' initiation rites)
BarlowKillian-2023-967-175,175,citrus fruit
BarlowKillian-2023-967-176,176,clam
BarlowKillian-2023-967-177,177,"class term prefix for baskets, open things"
BarlowKillian-2023-967-178,178,"class term prefix for fruits, round things, bunches"
BarlowKillian-2023-967-179,179,"class term prefix for trees, long things, plants"
BarlowKillian-2023-967-180,180,"clavicle, collarbone"
BarlowKillian-2023-967-181,181,cloth (TP: laplap)
BarlowKillian-2023-967-182,182,cloud
BarlowKillian-2023-967-183,183,coconut
BarlowKillian-2023-967-184,184,coconut bark fiber
BarlowKillian-2023-967-185,185,coconut cream
BarlowKillian-2023-967-186,186,coconut frond midrib (used as a broom)
BarlowKillian-2023-967-187,187,coconut frond (TP: pangal)
BarlowKillian-2023-967-188,188,coconut fruit
BarlowKillian-2023-967-189,189,coconut half (half a shell)
BarlowKillian-2023-967-190,190,coconut leaf (TP: bombom)
BarlowKillian-2023-967-191,191,coconut palm
BarlowKillian-2023-967-192,192,cold
BarlowKillian-2023-967-193,193,cold place; ice
BarlowKillian-2023-967-194,194,comb
BarlowKillian-2023-967-195,195,conch sp.
BarlowKillian-2023-967-196,196,"container, box"
BarlowKillian-2023-967-197,197,cordyline plant (TP: tanget); skirt for women (grass skirt; TP: purpur)
BarlowKillian-2023-967-198,198,"corner, crevice"
BarlowKillian-2023-967-199,199,crab sp. (big)
BarlowKillian-2023-967-200,200,crab sp. (small)
BarlowKillian-2023-967-201,201,cradle of a sling
BarlowKillian-2023-967-202,202,crayfish sp. (big)
BarlowKillian-2023-967-203,203,crayfish sp. (small)
BarlowKillian-2023-967-204,204,"creek, ditch"
BarlowKillian-2023-967-205,205,crocodile
BarlowKillian-2023-967-206,206,crooked
BarlowKillian-2023-967-207,207,crops
BarlowKillian-2023-967-208,208,cross-cousin
BarlowKillian-2023-967-209,209,curved
BarlowKillian-2023-967-210,210,"cuscus, possum"
BarlowKillian-2023-967-211,211,"cyclone, storm"
BarlowKillian-2023-967-212,212,darkness
BarlowKillian-2023-967-213,213,"daughter, girl"
BarlowKillian-2023-967-214,214,day after tomorrow
BarlowKillian-2023-967-215,215,day before yesterday
BarlowKillian-2023-967-216,216,deaf
BarlowKillian-2023-967-217,217,decorations (TP: bilas)
BarlowKillian-2023-967-218,218,"digging stick, hoe"
BarlowKillian-2023-967-219,219,"digit; finger, toe; root of a tree"
BarlowKillian-2023-967-220,220,diminutive prefix (?)
BarlowKillian-2023-967-221,221,dog
BarlowKillian-2023-967-222,222,"dolphin, dugong"
BarlowKillian-2023-967-223,223,door
BarlowKillian-2023-967-224,224,double canoe
BarlowKillian-2023-967-225,225,"down, downwards"
BarlowKillian-2023-967-226,226,dream
BarlowKillian-2023-967-227,227,drinkable possessive classifier
BarlowKillian-2023-967-228,228,drinking coconut (TP: kulau)
BarlowKillian-2023-967-229,229,drum
BarlowKillian-2023-967-230,230,drum type (hand drum; TP: kundu)
BarlowKillian-2023-967-231,231,drum type (slit drum; TP: garamut)
BarlowKillian-2023-967-232,232,dry
BarlowKillian-2023-967-233,233,"dry areca nut, old areca nut"
BarlowKillian-2023-967-234,234,dry coconut
BarlowKillian-2023-967-235,235,dual marker
BarlowKillian-2023-967-236,236,"dull, blunt, not sharp"
BarlowKillian-2023-967-237,237,du/pl/1sg.irr marker
BarlowKillian-2023-967-238,238,du/pl/1sg.real subject marker
BarlowKillian-2023-967-239,239,"dust; fog, snow"
BarlowKillian-2023-967-240,240,"each, one-by-one, piece-by-piece"
BarlowKillian-2023-967-241,241,ear; gill
BarlowKillian-2023-967-242,242,earlobe
BarlowKillian-2023-967-243,243,earth oven (TP: mumu)
BarlowKillian-2023-967-244,244,earthquake
BarlowKillian-2023-967-245,245,"earth, soil, ground"
BarlowKillian-2023-967-246,246,earwax
BarlowKillian-2023-967-247,247,edible possessive classifier (1sg possessor)
BarlowKillian-2023-967-248,248,edible possessive classifier (2sg/general possessor)
BarlowKillian-2023-967-249,249,edible possessive classifier (2sg possessor)
BarlowKillian-2023-967-250,250,edible possessive classifier (3sg possessor)
BarlowKillian-2023-967-251,251,edible possessive classifier (non-pronominal possessor)
BarlowKillian-2023-967-252,252,egg
BarlowKillian-2023-967-253,253,elbow
BarlowKillian-2023-967-254,254,empty
BarlowKillian-2023-967-255,255,end
BarlowKillian-2023-967-256,256,enemy
BarlowKillian-2023-967-257,257,"excrement, feces"
BarlowKillian-2023-967-258,258,eye
BarlowKillian-2023-967-259,259,eye side of coconut shell
BarlowKillian-2023-967-260,260,face
BarlowKillian-2023-967-261,261,fallow garden (a garden that has become overgrown)
BarlowKillian-2023-967-262,262,"false, wrong"
BarlowKillian-2023-967-263,263,fan
BarlowKillian-2023-967-264,264,"far, distant"
BarlowKillian-2023-967-265,265,"fat, grease"
BarlowKillian-2023-967-266,266,"father, papa (vocative)"
BarlowKillian-2023-967-267,267,father's brother (paternal uncle)
BarlowKillian-2023-967-268,268,father's older brother
BarlowKillian-2023-967-269,269,father's older sister
BarlowKillian-2023-967-270,270,father's sister (paternal aunt)
BarlowKillian-2023-967-271,271,father's younger brother
BarlowKillian-2023-967-272,272,father's younger sister
BarlowKillian-2023-967-273,273,father; uncle
BarlowKillian-2023-967-274,274,fattened palm stem used for flooring (TP: limbum)
BarlowKillian-2023-967-275,275,female initiation rites
BarlowKillian-2023-967-276,276,"female pig, sow; female of any species (?)"
BarlowKillian-2023-967-277,277,fence
BarlowKillian-2023-967-278,278,fern sp.
BarlowKillian-2023-967-279,279,fever
BarlowKillian-2023-967-280,280,fig fruit
BarlowKillian-2023-967-281,281,"fingernail, toenail; claw"
BarlowKillian-2023-967-282,282,"finished, completed, full (of the moon)"
BarlowKillian-2023-967-283,283,fin of a fish
BarlowKillian-2023-967-284,284,fire
BarlowKillian-2023-967-285,285,fire tongs
BarlowKillian-2023-967-286,286,firstborn
BarlowKillian-2023-967-287,287,firstborn child
BarlowKillian-2023-967-288,288,fish
BarlowKillian-2023-967-289,289,fishing hook
BarlowKillian-2023-967-290,290,fishing line
BarlowKillian-2023-967-291,291,fishing net; basket trap for catching fish
BarlowKillian-2023-967-292,292,fish sp.
BarlowKillian-2023-967-293,293,fish sp. (catfish; TP: mausgras pis)
BarlowKillian-2023-967-294,294,fish sp. (cod; TP: bikmaus)
BarlowKillian-2023-967-295,295,fish sp. (eel)
BarlowKillian-2023-967-296,296,fish sp. (fish with a sharp nose)
BarlowKillian-2023-967-297,297,fish sp. (fish with thick skin)
BarlowKillian-2023-967-298,298,fish sp. (freshwater fish)
BarlowKillian-2023-967-299,299,fish sp. (long white fast saltwater fish)
BarlowKillian-2023-967-300,300,fish sp. (long white fish)
BarlowKillian-2023-967-301,301,fish sp. (perch; TP: nilpis)
BarlowKillian-2023-967-302,302,fish sp. (prochilodus fish; TP: rabamaus)
BarlowKillian-2023-967-303,303,fish sp. (ray; TP: par)
BarlowKillian-2023-967-304,304,fish sp. (red emperor)
BarlowKillian-2023-967-305,305,fish sp. (red saltwater fish)
BarlowKillian-2023-967-306,306,fish sp. (red snapper)
BarlowKillian-2023-967-307,307,fish sp. (tilapia; TP: makau)
BarlowKillian-2023-967-308,308,fishtail
BarlowKillian-2023-967-309,309,fist
BarlowKillian-2023-967-310,310,fist of the hand
BarlowKillian-2023-967-311,311,five (5)
BarlowKillian-2023-967-312,312,flat
BarlowKillian-2023-967-313,313,flood
BarlowKillian-2023-967-314,314,floor (usually made from flattened arecoid palms)
BarlowKillian-2023-967-315,315,flower (flowers used to decorate the village; TP: purpur)
BarlowKillian-2023-967-316,316,flute (made of bamboo)
BarlowKillian-2023-967-317,317,"flying fox, bat"
BarlowKillian-2023-967-318,318,flying fox sp. (big flying fox)
BarlowKillian-2023-967-319,319,food
BarlowKillian-2023-967-320,320,footprint
BarlowKillian-2023-967-321,321,"forehead, face"
BarlowKillian-2023-967-322,322,"forest, woods, jungle"
BarlowKillian-2023-967-323,323,for (goal preposition?)
BarlowKillian-2023-967-324,324,"for (the purpose of), (in order) to"
BarlowKillian-2023-967-325,325,four (4)
BarlowKillian-2023-967-326,326,friend
BarlowKillian-2023-967-327,327,frog
BarlowKillian-2023-967-328,328,"from (ablative preposition); with, along with (comitative preposition)"
BarlowKillian-2023-967-329,329,front
BarlowKillian-2023-967-330,330,"fruit; meat of coconut, areca nut, pandanus; pulp of a palm or tree; innards"
BarlowKillian-2023-967-331,331,fruit sp.
BarlowKillian-2023-967-332,332,fruit sp. (Malay apple; TP: laulau)
BarlowKillian-2023-967-333,333,fruit sp. (mango)
BarlowKillian-2023-967-334,334,fruit sp. (papaya)
BarlowKillian-2023-967-335,335,full
BarlowKillian-2023-967-336,336,fur; body hair
BarlowKillian-2023-967-337,337,future marker (?) (1sg?)
BarlowKillian-2023-967-338,338,future marker (?) (n1sg?)
BarlowKillian-2023-967-339,339,fuzz (TP: mosong)
BarlowKillian-2023-967-340,340,galip nut (fruit of the Canarium tree)
BarlowKillian-2023-967-341,341,garden
BarlowKillian-2023-967-342,342,gecko
BarlowKillian-2023-967-343,343,general possessive classifier (1sg/3sg)
BarlowKillian-2023-967-344,344,general possessive classifier (1sg possessor)
BarlowKillian-2023-967-345,345,general possessive classifier (2sg)
BarlowKillian-2023-967-346,346,general possessive classifier (2sg/3du possessor)
BarlowKillian-2023-967-347,347,general possessive classifier (2sg possessor)
BarlowKillian-2023-967-348,348,general possessive classifier (non-pronominal possessor)
BarlowKillian-2023-967-349,349,general possessive classifier (nsg/n3du)
BarlowKillian-2023-967-350,350,ginger (TP: kawawar)
BarlowKillian-2023-967-351,351,girl
BarlowKillian-2023-967-352,352,"girl, female child"
BarlowKillian-2023-967-353,353,god
BarlowKillian-2023-967-354,354,good
BarlowKillian-2023-967-355,355,good afternoon
BarlowKillian-2023-967-356,356,good; alright; thank you
BarlowKillian-2023-967-357,357,goodbye
BarlowKillian-2023-967-358,358,good day
BarlowKillian-2023-967-359,359,good morning
BarlowKillian-2023-967-360,360,good night
BarlowKillian-2023-967-361,361,good; you're welcome
BarlowKillian-2023-967-362,362,grandchild
BarlowKillian-2023-967-363,363,"grandfather, great-grandfather; grandson, great-grandson"
BarlowKillian-2023-967-364,364,"grandmother, great-grandmother; granddaughter, great-granddaughter; grandparent"
BarlowKillian-2023-967-365,365,grass
BarlowKillian-2023-967-366,366,grave
BarlowKillian-2023-967-367,367,gray hair
BarlowKillian-2023-967-368,368,green
BarlowKillian-2023-967-369,369,"groin, crotch"
BarlowKillian-2023-967-370,370,grub sp. (big edible grub that lives in rotten wood)
BarlowKillian-2023-967-371,371,grub sp. (big white edible grub that lives in rotten wood)
BarlowKillian-2023-967-372,372,grub sp. (edible grub that lives in arecoid palms)
BarlowKillian-2023-967-373,373,grub sp. (red edible grub that lives in vines)
BarlowKillian-2023-967-374,374,gums
BarlowKillian-2023-967-375,375,habitual marker (?)
BarlowKillian-2023-967-376,376,hair; feather
BarlowKillian-2023-967-377,377,"hand, arm"
BarlowKillian-2023-967-378,378,handle of a knife
BarlowKillian-2023-967-379,379,handle of an axe
BarlowKillian-2023-967-380,380,handle of a sling
BarlowKillian-2023-967-381,381,"hard, mature"
BarlowKillian-2023-967-382,382,hard (not soft)
BarlowKillian-2023-967-383,383,head
BarlowKillian-2023-967-384,384,"headwater, river source"
BarlowKillian-2023-967-385,385,heavy
BarlowKillian-2023-967-386,386,"heel of the hand, heel of the foot"
BarlowKillian-2023-967-387,387,hello
BarlowKillian-2023-967-388,388,here
BarlowKillian-2023-967-389,389,"hesitation word (um, uh)"
BarlowKillian-2023-967-390,390,hiccup
BarlowKillian-2023-967-391,391,"hip, hip bone"
BarlowKillian-2023-967-392,392,"hither, to here (?)"
BarlowKillian-2023-967-393,393,hole; door
BarlowKillian-2023-967-394,394,hoof of pig
BarlowKillian-2023-967-395,395,horn (of a lizard)
BarlowKillian-2023-967-396,396,hot
BarlowKillian-2023-967-397,397,house
BarlowKillian-2023-967-398,398,how?
BarlowKillian-2023-967-399,399,how much?; how many?
BarlowKillian-2023-967-400,400,husband
BarlowKillian-2023-967-401,401,if
BarlowKillian-2023-967-402,402,imperative marker (nonsingular)
BarlowKillian-2023-967-403,403,imperative marker (singular)
BarlowKillian-2023-967-404,404,"indeed (emphatic marker, intensifier); reflexive marker"
BarlowKillian-2023-967-405,405,"in, inside"
BarlowKillian-2023-967-406,406,"insect sp. (ant, generic)"
BarlowKillian-2023-967-407,407,insect sp. (bedbug)
BarlowKillian-2023-967-408,408,insect sp. (bee)
BarlowKillian-2023-967-409,409,insect sp. (black ant)
BarlowKillian-2023-967-410,410,insect sp. (blowfly)
BarlowKillian-2023-967-411,411,insect sp. (brown ant)
BarlowKillian-2023-967-412,412,insect sp. (butterfly)
BarlowKillian-2023-967-413,413,insect sp. (centipede)
BarlowKillian-2023-967-414,414,insect sp. (cockroach)
BarlowKillian-2023-967-415,415,insect sp. (dog louse)
BarlowKillian-2023-967-416,416,insect sp. (firefly); star
BarlowKillian-2023-967-417,417,"insect sp. (fly, housefly)"
BarlowKillian-2023-967-418,418,insect sp. (grasshopper)
BarlowKillian-2023-967-419,419,insect sp. (louse)
BarlowKillian-2023-967-420,420,insect sp. (mosquito)
BarlowKillian-2023-967-421,421,insect sp. (praying mantis)
BarlowKillian-2023-967-422,422,insect sp. (red ant; TP: karakum)
BarlowKillian-2023-967-423,423,insect sp. (sandfly?)
BarlowKillian-2023-967-424,424,insect sp. (wasp)
BarlowKillian-2023-967-425,425,"insect sp. (white ant, termite), white ant nest"
BarlowKillian-2023-967-426,426,"inside, in"
BarlowKillian-2023-967-427,427,interjection expressing 'excuse me'
BarlowKillian-2023-967-428,428,interjection expressing 'sorry'
BarlowKillian-2023-967-429,429,"intestines, guts"
BarlowKillian-2023-967-430,430,inward (?)
BarlowKillian-2023-967-431,431,island
BarlowKillian-2023-967-432,432,"jawbone; biceps, upper arm; calf, lower leg "
BarlowKillian-2023-967-433,433,jellyfish sp.
BarlowKillian-2023-967-434,434,jewelry type (earring or nosering)
BarlowKillian-2023-967-435,435,jewelry worn by women
BarlowKillian-2023-967-436,436,Jew's harp
BarlowKillian-2023-967-437,437,just now
BarlowKillian-2023-967-438,438,knee
BarlowKillian-2023-967-439,439,knife
BarlowKillian-2023-967-440,440,"knowledge, wisdom; custom, tradition"
BarlowKillian-2023-967-441,441,knuckle
BarlowKillian-2023-967-442,442,ladder
BarlowKillian-2023-967-443,443,lagoon
BarlowKillian-2023-967-444,444,"lake, pond"
BarlowKillian-2023-967-445,445,landslide
BarlowKillian-2023-967-446,446,lastborn
BarlowKillian-2023-967-447,447,lastborn child
BarlowKillian-2023-967-448,448,"later, after"
BarlowKillian-2023-967-449,449,leaf
BarlowKillian-2023-967-450,450,leaf of the hibiscus tree
BarlowKillian-2023-967-451,451,leaf of the ilimo tree
BarlowKillian-2023-967-452,452,left (not right)
BarlowKillian-2023-967-453,453,"leg, foot"
BarlowKillian-2023-967-454,454,"lie, untruth, falsehood"
BarlowKillian-2023-967-455,455,lightning
BarlowKillian-2023-967-456,456,light (not heavy)
BarlowKillian-2023-967-457,457,"light (of fire, sun, etc.)"
BarlowKillian-2023-967-458,458,lime container (gourd sp.)
BarlowKillian-2023-967-459,459,"lime spatula, lime stick"
BarlowKillian-2023-967-460,460,lime (TP: kambang)
BarlowKillian-2023-967-461,461,lime (TP: kambang) (plural)
BarlowKillian-2023-967-462,462,"lip, lips"
BarlowKillian-2023-967-463,463,lit piece of firewood
BarlowKillian-2023-967-464,464,"liver; intestines, guts"
BarlowKillian-2023-967-465,465,lizard
BarlowKillian-2023-967-466,466,loincloth for men (TP: malo)
BarlowKillian-2023-967-467,467,"long, far"
BarlowKillian-2023-967-468,468,lungs; liver
BarlowKillian-2023-967-469,469,"magic (TP: puripuri, malira)"
BarlowKillian-2023-967-470,470,magic (TP: sanguma)
BarlowKillian-2023-967-471,471,mainland
BarlowKillian-2023-967-472,472,male initiation rites
BarlowKillian-2023-967-473,473,"male pig, boar; male of any species (?)"
BarlowKillian-2023-967-474,474,"man, older boy; male"
BarlowKillian-2023-967-475,475,[man's name]
BarlowKillian-2023-967-476,476,"man's sister's son (nephew, reciprocal of TP kandere)"
BarlowKillian-2023-967-477,477,many
BarlowKillian-2023-967-478,478,"mature, dry"
BarlowKillian-2023-967-479,479,"meat, flesh"
BarlowKillian-2023-967-480,480,meat inside the sprout of a coconut
BarlowKillian-2023-967-481,481,"medicine man, shaman"
BarlowKillian-2023-967-482,482,"men, older boys; males (plural)"
BarlowKillian-2023-967-483,483,"menses, menstrual blood"
BarlowKillian-2023-967-484,484,men's house (TP: haus boi)
BarlowKillian-2023-967-485,485,"midday, noon"
BarlowKillian-2023-967-486,486,middle
BarlowKillian-2023-967-487,487,Milky Way
BarlowKillian-2023-967-488,488,modal particle (?)
BarlowKillian-2023-967-489,489,money
BarlowKillian-2023-967-490,490,"monitor lizard, reptile"
BarlowKillian-2023-967-491,491,moon; month
BarlowKillian-2023-967-492,492,"moon, month (archaic) (?)"
BarlowKillian-2023-967-493,493,morning
BarlowKillian-2023-967-494,494,mother; aunt
BarlowKillian-2023-967-495,495,"mother, mama (vocative)"
BarlowKillian-2023-967-496,496,mother's brother (maternal uncle; TP: kandere)
BarlowKillian-2023-967-497,497,mother's sister (maternal aunt)
BarlowKillian-2023-967-498,498,mountain
BarlowKillian-2023-967-499,499,mountain ridge
BarlowKillian-2023-967-500,500,mourning house (TP: haus krai)
BarlowKillian-2023-967-501,501,mouse
BarlowKillian-2023-967-502,502,moustache
BarlowKillian-2023-967-503,503,"mouth, lower face"
BarlowKillian-2023-967-504,504,"mucus, snot"
BarlowKillian-2023-967-505,505,mud
BarlowKillian-2023-967-506,506,"muscle, strength"
BarlowKillian-2023-967-507,507,mushroom
BarlowKillian-2023-967-508,508,mute
BarlowKillian-2023-967-509,509,nail
BarlowKillian-2023-967-510,510,name
BarlowKillian-2023-967-511,511,nape of the neck
BarlowKillian-2023-967-512,512,narrow
BarlowKillian-2023-967-513,513,"navel, belly button"
BarlowKillian-2023-967-514,514,"near, close"
BarlowKillian-2023-967-515,515,neck
BarlowKillian-2023-967-516,516,"nest, bird nest, ant nest"
BarlowKillian-2023-967-517,517,night
BarlowKillian-2023-967-518,518,nipple
BarlowKillian-2023-967-519,519,"nit, louse egg"
BarlowKillian-2023-967-520,520,no (negative response word)
BarlowKillian-2023-967-521,521,"no, not (negator)"
BarlowKillian-2023-967-522,522,nose; beak; prow of a canoe
BarlowKillian-2023-967-523,523,now
BarlowKillian-2023-967-524,524,nut sp. (wild betel nut; TP: kawiwi)
BarlowKillian-2023-967-525,525,octopus
BarlowKillian-2023-967-526,526,of (genitive preposition)
BarlowKillian-2023-967-527,527,of (genitive preposition); from (ablative particle)
BarlowKillian-2023-967-528,528,old
BarlowKillian-2023-967-529,529,old; before
BarlowKillian-2023-967-530,530,older brother
BarlowKillian-2023-967-531,531,"older man, husband"
BarlowKillian-2023-967-532,532,older sister
BarlowKillian-2023-967-533,533,"older woman, wife"
BarlowKillian-2023-967-534,534,old man
BarlowKillian-2023-967-535,535,old (person) (?)
BarlowKillian-2023-967-536,536,old woman
BarlowKillian-2023-967-537,537,one (1)
BarlowKillian-2023-967-538,538,one day before or after
BarlowKillian-2023-967-539,539,"oneself, indeed"
BarlowKillian-2023-967-540,540,"only, just"
BarlowKillian-2023-967-541,541,"other, another"
BarlowKillian-2023-967-542,542,"outrigger, float"
BarlowKillian-2023-967-543,543,outside
BarlowKillian-2023-967-544,544,outside of
BarlowKillian-2023-967-545,545,outward (?)
BarlowKillian-2023-967-546,546,oyster
BarlowKillian-2023-967-547,547,paddle
BarlowKillian-2023-967-548,548,"pain, ache; to hurt, to be in pain, to ache"
BarlowKillian-2023-967-549,549,"pain, to ache (of the head)"
BarlowKillian-2023-967-550,550,"palate, roof of mouth"
BarlowKillian-2023-967-551,551,palm flower
BarlowKillian-2023-967-552,552,"palm of the hand, sole of the foot"
BarlowKillian-2023-967-553,553,pandanus leaf
BarlowKillian-2023-967-554,554,pandanus sp. (used for thatch roofs and mats; also eaten)
BarlowKillian-2023-967-555,555,panpines (made of bamboo)
BarlowKillian-2023-967-556,556,"partial, partially; part?"
BarlowKillian-2023-967-557,557,"path, trail, road"
BarlowKillian-2023-967-558,558,peace
BarlowKillian-2023-967-559,559,penis
BarlowKillian-2023-967-560,560,personal article
BarlowKillian-2023-967-561,561,"person, human (?)"
BarlowKillian-2023-967-562,562,"person, human"
BarlowKillian-2023-967-563,563,piece of wood; firewood
BarlowKillian-2023-967-564,564,"piece, part, segment"
BarlowKillian-2023-967-565,565,piercing of the nose (performed for girls' initiation rites)
BarlowKillian-2023-967-566,566,pig
BarlowKillian-2023-967-567,567,"piglet, small pig"
BarlowKillian-2023-967-568,568,plain
BarlowKillian-2023-967-569,569,plant sp.
BarlowKillian-2023-967-570,570,plant sp. (plant used as perfume)
BarlowKillian-2023-967-571,571,please
BarlowKillian-2023-967-572,572,Pleiades
BarlowKillian-2023-967-573,573,plural marker
BarlowKillian-2023-967-574,574,plural-marking prefix (?)
BarlowKillian-2023-967-575,575,poison
BarlowKillian-2023-967-576,576,post of a house
BarlowKillian-2023-967-577,577,prefix
BarlowKillian-2023-967-578,578,prefix (?)
BarlowKillian-2023-967-579,579,problem
BarlowKillian-2023-967-580,580,pulp of tree
BarlowKillian-2023-967-581,581,question
BarlowKillian-2023-967-582,582,rack above the hearth to smoke or store food; bed
BarlowKillian-2023-967-583,583,rain
BarlowKillian-2023-967-584,584,rainbow
BarlowKillian-2023-967-585,585,rains (plural)
BarlowKillian-2023-967-586,586,"rat, bandicoot"
BarlowKillian-2023-967-587,587,rattan cane (TP: kanda)
BarlowKillian-2023-967-588,588,"raw, uncooked"
BarlowKillian-2023-967-589,589,red
BarlowKillian-2023-967-590,590,reef
BarlowKillian-2023-967-591,591,"rheum, eye mucus"
BarlowKillian-2023-967-592,592,ribs
BarlowKillian-2023-967-593,593,right (not left)
BarlowKillian-2023-967-594,594,ripe
BarlowKillian-2023-967-595,595,river
BarlowKillian-2023-967-596,596,riverbank
BarlowKillian-2023-967-597,597,"river mouth, estuary"
BarlowKillian-2023-967-598,598,"roe, fish eggs"
BarlowKillian-2023-967-599,599,roof
BarlowKillian-2023-967-600,600,root; cassava
BarlowKillian-2023-967-601,601,rough (not smooth)
BarlowKillian-2023-967-602,602,round
BarlowKillian-2023-967-603,603,sago
BarlowKillian-2023-967-604,604,salt (made from ashes)
BarlowKillian-2023-967-605,605,sand; rice
BarlowKillian-2023-967-606,606,"scale of fish; ringworm, tinea (TP: grile)"
BarlowKillian-2023-967-607,607,scar
BarlowKillian-2023-967-608,608,scorpion
BarlowKillian-2023-967-609,609,sea cucumber
BarlowKillian-2023-967-610,610,seafoam
BarlowKillian-2023-967-611,611,"sea, ocean; salt"
BarlowKillian-2023-967-612,612,sea snail sp.
BarlowKillian-2023-967-613,613,sea worm sp.
BarlowKillian-2023-967-614,614,"seed, fruit"
BarlowKillian-2023-967-615,615,semen
BarlowKillian-2023-967-616,616,shadow
BarlowKillian-2023-967-617,617,"shadow, shade; soul, spirit"
BarlowKillian-2023-967-618,618,shark
BarlowKillian-2023-967-619,619,sharp
BarlowKillian-2023-967-620,620,"shell, coconut shell, egg shell"
BarlowKillian-2023-967-621,621,shield
BarlowKillian-2023-967-622,622,short
BarlowKillian-2023-967-623,623,shoulder
BarlowKillian-2023-967-624,624,side
BarlowKillian-2023-967-625,625,side of the body
BarlowKillian-2023-967-626,626,singular marker
BarlowKillian-2023-967-627,627,sister; female parallel cousin
BarlowKillian-2023-967-628,628,"skin, animal hide; bark; husk of a coconut or areca nut; peel of a banana"
BarlowKillian-2023-967-629,629,"skin, body; hull of a canoe"
BarlowKillian-2023-967-630,630,sky
BarlowKillian-2023-967-631,631,sleeping mat
BarlowKillian-2023-967-632,632,slightly
BarlowKillian-2023-967-633,633,sling type (long sling)
BarlowKillian-2023-967-634,634,sling type (short sling)
BarlowKillian-2023-967-635,635,small
BarlowKillian-2023-967-636,636,"smell, odor"
BarlowKillian-2023-967-637,637,"smelly, stinky"
BarlowKillian-2023-967-638,638,smoke; cigarette
BarlowKillian-2023-967-639,639,smooth
BarlowKillian-2023-967-640,640,snail sp. (land snail)
BarlowKillian-2023-967-641,641,snake
BarlowKillian-2023-967-642,642,snake sp. (cobra)
BarlowKillian-2023-967-643,643,snake sp. (python; TP: moran)
BarlowKillian-2023-967-644,644,snake sp. (sleeping snake)
BarlowKillian-2023-967-645,645,sneeze
BarlowKillian-2023-967-646,646,"soft, rotten"
BarlowKillian-2023-967-647,647,"some, multiple"
BarlowKillian-2023-967-648,648,"some, something"
BarlowKillian-2023-967-649,649,"some, something, someone; other, another"
BarlowKillian-2023-967-650,650,something
BarlowKillian-2023-967-651,651,"son, boy"
BarlowKillian-2023-967-652,652,song
BarlowKillian-2023-967-653,653,"sorcerer, warlock"
BarlowKillian-2023-967-654,654,"sorceress, witch"
BarlowKillian-2023-967-655,655,"sore, wound"
BarlowKillian-2023-967-656,656,sour
BarlowKillian-2023-967-657,657,"spear, arrow"
BarlowKillian-2023-967-658,658,"spears, arrows (plural)"
BarlowKillian-2023-967-659,659,spider
BarlowKillian-2023-967-660,660,spider web
BarlowKillian-2023-967-661,661,spirit house (TP: haus tambaran)
BarlowKillian-2023-967-662,662,spirit type (spirit that changes into a woman)
BarlowKillian-2023-967-663,663,spirit type (TP: masalai)
BarlowKillian-2023-967-664,664,spirit type (TP: tambaran); giant
BarlowKillian-2023-967-665,665,spleen
BarlowKillian-2023-967-666,666,sponge
BarlowKillian-2023-967-667,667,spoon
BarlowKillian-2023-967-668,668,spouse
BarlowKillian-2023-967-669,669,"spouse's father, daughter's husband (different-generation male affine, in-law)"
BarlowKillian-2023-967-670,670,"spouse's mother, son's wife (different-generation female affine, in-law)"
BarlowKillian-2023-967-671,671,"spouse's sibling, sibling's spouse (same-generation affine, in-law)"
BarlowKillian-2023-967-672,672,spring
BarlowKillian-2023-967-673,673,starfish
BarlowKillian-2023-967-674,674,stative marker (?)
BarlowKillian-2023-967-675,675,"sternum, breastbone"
BarlowKillian-2023-967-676,676,stick
BarlowKillian-2023-967-677,677,stinger (of an insect)
BarlowKillian-2023-967-678,678,stinging nettle (TP: salat)
BarlowKillian-2023-967-679,679,"stone, rock; coin money"
BarlowKillian-2023-967-680,680,stone type (flintstone)
BarlowKillian-2023-967-681,681,"stove, hearth"
BarlowKillian-2023-967-682,682,straight
BarlowKillian-2023-967-683,683,strap of string bag
BarlowKillian-2023-967-684,684,strap put around legs to help in climbing palms
BarlowKillian-2023-967-685,685,string
BarlowKillian-2023-967-686,686,"string bag, net bag (TP: bilum); marsupial pouch"
BarlowKillian-2023-967-687,687,string used to tie women's grass skirts
BarlowKillian-2023-967-688,688,"sucker of a banana, pandanus, etc."
BarlowKillian-2023-967-689,689,"sugarcane, sugar"
BarlowKillian-2023-967-690,690,sun; daytime; day (countable); time
BarlowKillian-2023-967-691,691,swamp
BarlowKillian-2023-967-692,692,sweaty
BarlowKillian-2023-967-693,693,sweet
BarlowKillian-2023-967-694,694,sweet potato
BarlowKillian-2023-967-695,695,"sweet-smelling, fragrant"
BarlowKillian-2023-967-696,696,sword grass (TP: kunai)
BarlowKillian-2023-967-697,697,tadpole
BarlowKillian-2023-967-698,698,tail
BarlowKillian-2023-967-699,699,"talk, speech, story (TP: toktok); language (TP: tokples)"
BarlowKillian-2023-967-700,700,tall ginger (TP: gorgor)
BarlowKillian-2023-967-701,701,taro
BarlowKillian-2023-967-702,702,taro sp. (described as 'thunderstrike' taro)
BarlowKillian-2023-967-703,703,taro sp. (green taro with purple stripes)
BarlowKillian-2023-967-704,704,taro sp. (planted in the ground)
BarlowKillian-2023-967-705,705,taro sp. (purple taro)
BarlowKillian-2023-967-706,706,taro sp. (red taro planted by water)
BarlowKillian-2023-967-707,707,taro sp. (swamp taro)
BarlowKillian-2023-967-708,708,"tasty, delicious"
BarlowKillian-2023-967-709,709,tattoo
BarlowKillian-2023-967-710,710,"tear, teardrop; dew"
BarlowKillian-2023-967-711,711,temple of the head
BarlowKillian-2023-967-712,712,testicle
BarlowKillian-2023-967-713,713,"that (complementizer); that, those (distal adnominal demonstrative); there; because"
BarlowKillian-2023-967-714,714,"that, those (distal adnominal demonstrative)"
BarlowKillian-2023-967-715,715,"that, those (distal demonstrative pronoun); yonder"
BarlowKillian-2023-967-716,716,"that, those (distal demonstrative); yonder"
BarlowKillian-2023-967-717,717,"that, those (medial adnominal demonstrative)"
BarlowKillian-2023-967-718,718,"that, those (medial demonstrative pronoun); there"
BarlowKillian-2023-967-719,719,that yonder (distal demonstrative)
BarlowKillian-2023-967-720,720,"thence, from there (?)"
BarlowKillian-2023-967-721,721,"the other, another (person); a person"
BarlowKillian-2023-967-722,722,"the other, another (person) (medial); that person"
BarlowKillian-2023-967-723,723,"the other, another (person) (proximal); this person"
BarlowKillian-2023-967-724,724,there
BarlowKillian-2023-967-725,725,thick
BarlowKillian-2023-967-726,726,"thigh, upper leg"
BarlowKillian-2023-967-727,727,thin
BarlowKillian-2023-967-728,728,"this, these (proximal adnominal demonstrative)"
BarlowKillian-2023-967-729,729,"this, these (proximal demonstrative pronoun); here"
BarlowKillian-2023-967-730,730,"thither, to there (?)"
BarlowKillian-2023-967-731,731,thorn; needle
BarlowKillian-2023-967-732,732,three (3)
BarlowKillian-2023-967-733,733,throat
BarlowKillian-2023-967-734,734,thunder
BarlowKillian-2023-967-735,735,tide
BarlowKillian-2023-967-736,736,time
BarlowKillian-2023-967-737,737,tobacco
BarlowKillian-2023-967-738,738,tobacco leaf
BarlowKillian-2023-967-739,739,to bake in an earth oven (TP: mumuim)
BarlowKillian-2023-967-740,740,to bathe (intransitive)
BarlowKillian-2023-967-741,741,to be ashamed
BarlowKillian-2023-967-742,742,"to beat, to pound, to mash"
BarlowKillian-2023-967-743,743,to be dead
BarlowKillian-2023-967-744,744,to be happy
BarlowKillian-2023-967-745,745,to be healthy
BarlowKillian-2023-967-746,746,to be hungry
BarlowKillian-2023-967-747,747,to be inside (something)
BarlowKillian-2023-967-748,748,to be pregnant
BarlowKillian-2023-967-749,749,"to be sated, to be full"
BarlowKillian-2023-967-750,750,to be sick
BarlowKillian-2023-967-751,751,to be strong
BarlowKillian-2023-967-752,752,to be thirsty
BarlowKillian-2023-967-753,753,"to be tired, to be sleepy"
BarlowKillian-2023-967-754,754,to bite
BarlowKillian-2023-967-755,755,to blow
BarlowKillian-2023-967-756,756,to boil; to squeeze
BarlowKillian-2023-967-757,757,to break (a stick)
BarlowKillian-2023-967-758,758,to break (ground)
BarlowKillian-2023-967-759,759,"to breastfeed, to suckle, to nurse (transitive)"
BarlowKillian-2023-967-760,760,to breathe; breath
BarlowKillian-2023-967-761,761,"to burn (transitive); to cook, to grill, to roast"
BarlowKillian-2023-967-762,762,to buy
BarlowKillian-2023-967-763,763,"to carry; to get, to take; to bear (a child); to work"
BarlowKillian-2023-967-764,764,"to catch, to hold"
BarlowKillian-2023-967-765,765,to chew
BarlowKillian-2023-967-766,766,to chew (betel nut)
BarlowKillian-2023-967-767,767,to choose
BarlowKillian-2023-967-768,768,"to climb, to ascend"
BarlowKillian-2023-967-769,769,to close
BarlowKillian-2023-967-770,770,to come
BarlowKillian-2023-967-771,771,"to cough; cough, phlegm"
BarlowKillian-2023-967-772,772,to count
BarlowKillian-2023-967-773,773,"to crush, to grind"
BarlowKillian-2023-967-774,774,to cry
BarlowKillian-2023-967-775,775,to cut
BarlowKillian-2023-967-776,776,"to cut, to split, to slice, to slice open, to tear"
BarlowKillian-2023-967-777,777,to dance
BarlowKillian-2023-967-778,778,"today, now"
BarlowKillian-2023-967-779,779,to die
BarlowKillian-2023-967-780,780,to dig (a hole)
BarlowKillian-2023-967-781,781,to dream
BarlowKillian-2023-967-782,782,to drink
BarlowKillian-2023-967-783,783,to eat; to burn (intransitive)
BarlowKillian-2023-967-784,784,to fall (of rain)
BarlowKillian-2023-967-785,785,"to fall, to drop"
BarlowKillian-2023-967-786,786,"to fall, to topple"
BarlowKillian-2023-967-787,787,"to fear, to be afraid"
BarlowKillian-2023-967-788,788,to feel
BarlowKillian-2023-967-789,789,to fight
BarlowKillian-2023-967-790,790,"to find; to look for, to seek; to hunt"
BarlowKillian-2023-967-791,791,to finish
BarlowKillian-2023-967-792,792,"to flatulate, to fart"
BarlowKillian-2023-967-793,793,to float
BarlowKillian-2023-967-794,794,to flow; to run
BarlowKillian-2023-967-795,795,to fly
BarlowKillian-2023-967-796,796,"to, for (dative or benefactive preposition)"
BarlowKillian-2023-967-797,797,to fry
BarlowKillian-2023-967-798,798,to give
BarlowKillian-2023-967-799,799,"to go in, to go under; to set (of the sun)"
BarlowKillian-2023-967-800,800,"to go, to come"
BarlowKillian-2023-967-801,801,to go; to rise (of the sun)
BarlowKillian-2023-967-802,802,"to grow; to climb; sprout, shoot"
BarlowKillian-2023-967-803,803,to hide (intransitive); secret
BarlowKillian-2023-967-804,804,to hide (transitive)
BarlowKillian-2023-967-805,805,"to hit, to beat"
BarlowKillian-2023-967-806,806,to hit (with a stick); burn (?)
BarlowKillian-2023-967-807,807,to hunt; to catch
BarlowKillian-2023-967-808,808,toilet
BarlowKillian-2023-967-809,809,"to itch; itch; scabies, rash (TP: kaskas)"
BarlowKillian-2023-967-810,810,to jump
BarlowKillian-2023-967-811,811,to kill
BarlowKillian-2023-967-812,812,to know
BarlowKillian-2023-967-813,813,to laugh
BarlowKillian-2023-967-814,814,to lie down
BarlowKillian-2023-967-815,815,to listen (?)
BarlowKillian-2023-967-816,816,"to live, to be alive"
BarlowKillian-2023-967-817,817,to look (for)
BarlowKillian-2023-967-818,818,"to make, to build, to do"
BarlowKillian-2023-967-819,819,Tomoip (language)
BarlowKillian-2023-967-820,820,Tomoip language
BarlowKillian-2023-967-821,821,tomorrow
BarlowKillian-2023-967-822,822,tongue
BarlowKillian-2023-967-823,823,to open
BarlowKillian-2023-967-824,824,tooth
BarlowKillian-2023-967-825,825,top
BarlowKillian-2023-967-826,826,to peel
BarlowKillian-2023-967-827,827,to plant
BarlowKillian-2023-967-828,828,"to play, to make laugh"
BarlowKillian-2023-967-829,829,"to prohibit, to prevent"
BarlowKillian-2023-967-830,830,to pull
BarlowKillian-2023-967-831,831,to push
BarlowKillian-2023-967-832,832,to put
BarlowKillian-2023-967-833,833,to rain
BarlowKillian-2023-967-834,834,torch
BarlowKillian-2023-967-835,835,"to rub, to wipe"
BarlowKillian-2023-967-836,836,"to scratch (an itch); to scrape, to grind (a coconut)"
BarlowKillian-2023-967-837,837,to see
BarlowKillian-2023-967-838,838,to sell
BarlowKillian-2023-967-839,839,"to sew, to weave"
BarlowKillian-2023-967-840,840,"to shoot, to stab"
BarlowKillian-2023-967-841,841,to sing
BarlowKillian-2023-967-842,842,to sit
BarlowKillian-2023-967-843,843,to sleep
BarlowKillian-2023-967-844,844,to slice up
BarlowKillian-2023-967-845,845,to smell (transitive)
BarlowKillian-2023-967-846,846,to snore; snore
BarlowKillian-2023-967-847,847,"to spit; saliva, spittle"
BarlowKillian-2023-967-848,848,"to squeeze (e.g., grated coconut)"
BarlowKillian-2023-967-849,849,"to squeeze (e.g., wet clothing)"
BarlowKillian-2023-967-850,850,to stab repeatedly
BarlowKillian-2023-967-851,851,to stand
BarlowKillian-2023-967-852,852,"to stay, to be at, to be located at, to live"
BarlowKillian-2023-967-853,853,to steal
BarlowKillian-2023-967-854,854,to steal; the evening star
BarlowKillian-2023-967-855,855,to stink
BarlowKillian-2023-967-856,856,"to suck; to suckle, to nurse (intransitive)"
BarlowKillian-2023-967-857,857,"to swell (e.g., skin)"
BarlowKillian-2023-967-858,858,to swim (of fish)
BarlowKillian-2023-967-859,859,to swim (of people)
BarlowKillian-2023-967-860,860,to talk; to speak
BarlowKillian-2023-967-861,861,to the left when facing the sea
BarlowKillian-2023-967-862,862,to the right when facing the sea
BarlowKillian-2023-967-863,863,to think
BarlowKillian-2023-967-864,864,"to throw, to pelt"
BarlowKillian-2023-967-865,865,"to tie, to tie up, to fasten"
BarlowKillian-2023-967-866,866,to turn; to say
BarlowKillian-2023-967-867,867,to urinate
BarlowKillian-2023-967-868,868,to vomit; vomitus
BarlowKillian-2023-967-869,869,to walk
BarlowKillian-2023-967-870,870,"to wash, to clean"
BarlowKillian-2023-967-871,871,to yawn
BarlowKillian-2023-967-872,872,transitive suffix
BarlowKillian-2023-967-873,873,transitive suffix (?)
BarlowKillian-2023-967-874,874,"trap, trap for catching land animals"
BarlowKillian-2023-967-875,875,"trash, garbage; dirty"
BarlowKillian-2023-967-876,876,trash pile
BarlowKillian-2023-967-877,877,tree
BarlowKillian-2023-967-878,878,tree sp.
BarlowKillian-2023-967-879,879,"tree sp. (Canarium tree, galip nut)"
BarlowKillian-2023-967-880,880,tree sp. (cedar tree)
BarlowKillian-2023-967-881,881,tree sp. (eucalyptus tree; TP: kumurere)
BarlowKillian-2023-967-882,882,tree sp. (fig tree; TP: fikus)
BarlowKillian-2023-967-883,883,tree sp. (hardwood tree [New Guinea teak?]; TP: garamut)
BarlowKillian-2023-967-884,884,"tree sp. (hardwood tree, TP: kalopilum)"
BarlowKillian-2023-967-885,885,tree sp. (hibiscus tree; TP: mangas)
BarlowKillian-2023-967-886,886,tree sp. (ilimo tree; TP: erima)
BarlowKillian-2023-967-887,887,tree sp. (Indian coral; TP: balbal)
BarlowKillian-2023-967-888,888,tree sp. (ironwood tree; TP: kwila)
BarlowKillian-2023-967-889,889,tree sp. (island lychee; TP: ton)
BarlowKillian-2023-967-890,890,tree sp. (pine tree)
BarlowKillian-2023-967-891,891,tree sp. (sea almond tree; TP: talis)
BarlowKillian-2023-967-892,892,tree sp. (Tahitian chestnut tree; TP: aila)
BarlowKillian-2023-967-893,893,tree sp. (walnut tree)
BarlowKillian-2023-967-894,894,"treetop, crown (of tree)"
BarlowKillian-2023-967-895,895,"true, correct"
BarlowKillian-2023-967-896,896,turtle
BarlowKillian-2023-967-897,897,tusk
BarlowKillian-2023-967-898,898,two (2)
BarlowKillian-2023-967-899,899,umbilical cord
BarlowKillian-2023-967-900,900,"under, below"
BarlowKillian-2023-967-901,901,"up, upwards"
BarlowKillian-2023-967-902,902,urine
BarlowKillian-2023-967-903,903,"uterus, womb"
BarlowKillian-2023-967-904,904,vegetables (generic; TP: kumu)
BarlowKillian-2023-967-905,905,vegetable sp.
BarlowKillian-2023-967-906,906,vegetable sp. (amaranth; TP: aupa)
BarlowKillian-2023-967-907,907,vegetable sp. (bean with black seeds)
BarlowKillian-2023-967-908,908,vegetable sp. (cucumber)
BarlowKillian-2023-967-909,909,vegetable sp. (TP: aibika)
BarlowKillian-2023-967-910,910,vegetable sp. (turmeric)
BarlowKillian-2023-967-911,911,vein; thread
BarlowKillian-2023-967-912,912,very
BarlowKillian-2023-967-913,913,village
BarlowKillian-2023-967-914,914,vine; rope
BarlowKillian-2023-967-915,915,vine sp. (vine used to make fishing hooks)
BarlowKillian-2023-967-916,916,vine sp. (vine with thorns used to make needles)
BarlowKillian-2023-967-917,917,"vulva, vagina"
BarlowKillian-2023-967-918,918,walking stick
BarlowKillian-2023-967-919,919,wall
BarlowKillian-2023-967-920,920,wallaby
BarlowKillian-2023-967-921,921,"water, river; milk"
BarlowKillian-2023-967-922,922,wave
BarlowKillian-2023-967-923,923,"weak, sad"
BarlowKillian-2023-967-924,924,wet
BarlowKillian-2023-967-925,925,what?
BarlowKillian-2023-967-926,926,when?
BarlowKillian-2023-967-927,927,where?
BarlowKillian-2023-967-928,928,"where from?, whence?"
BarlowKillian-2023-967-929,929,"where to?, whither?"
BarlowKillian-2023-967-930,930,whirlpool
BarlowKillian-2023-967-931,931,white
BarlowKillian-2023-967-932,932,white woman (?)
BarlowKillian-2023-967-933,933,who?
BarlowKillian-2023-967-934,934,"whole, entire; bunch (e.g., of coconuts, areca nuts, bananas)"
BarlowKillian-2023-967-935,935,why?
BarlowKillian-2023-967-936,936,wide
BarlowKillian-2023-967-937,937,wife
BarlowKillian-2023-967-938,938,wild betel pepper
BarlowKillian-2023-967-939,939,wind; heart
BarlowKillian-2023-967-940,940,wing
BarlowKillian-2023-967-941,941,with (instrumental preposition); of (in 'full of')
BarlowKillian-2023-967-942,942,"woman, older girl; female"
BarlowKillian-2023-967-943,943,[woman's name]
BarlowKillian-2023-967-944,944,"women, older girls; females (plural)"
BarlowKillian-2023-967-945,945,work
BarlowKillian-2023-967-946,946,"worm sp., earthworm sp."
BarlowKillian-2023-967-947,947,"worry, problem, concern"
BarlowKillian-2023-967-948,948,wrist
BarlowKillian-2023-967-949,949,yam
BarlowKillian-2023-967-950,950,yam leaf
BarlowKillian-2023-967-951,951,yam mound
BarlowKillian-2023-967-952,952,yam plant
BarlowKillian-2023-967-953,953,yam sp. (purple yam)
BarlowKillian-2023-967-954,954,yam sp. (TP: mami)
BarlowKillian-2023-967-955,955,yam sp. (white-and-yellow yam)
BarlowKillian-2023-967-956,956,yam sp. (white yam that is shaped like a handle)
BarlowKillian-2023-967-957,957,yam sp. (wild yam)
BarlowKillian-2023-967-958,958,yam sp. (yam shaped like a coiling snake)
BarlowKillian-2023-967-959,959,yam thorn
BarlowKillian-2023-967-960,960,year; peace ceremony
BarlowKillian-2023-967-961,961,yellow
BarlowKillian-2023-967-962,962,yes (affirmative response)
BarlowKillian-2023-967-963,963,yesterday
BarlowKillian-2023-967-964,964,young areca palm
BarlowKillian-2023-967-965,965,younger brother
BarlowKillian-2023-967-966,966,younger sister
BarlowKillian-2023-967-967,967,"young, new, unripe, immature"
