ID,Name,Concepticon_ID,Concepticon_Gloss
1_1duexclpossedible,1du.excl.poss (edible),,
2_1duexclposssuffix,1du.excl.poss suffix,,
3_1duexclpronounnonsubject,1du.excl pronoun (non-subject),2636,WE TWO (EXCLUSIVE)
4_1duexclpronounsubject,1du.excl pronoun (subject),2636,WE TWO (EXCLUSIVE)
5_1duinclpossedible,1du.incl.poss (edible),,
6_1duinclposssuffix,1du.incl.poss suffix,,
7_1duinclpronounnonsubject,1du.incl pronoun (non-subject),2637,WE TWO (INCLUSIVE)
8_1duinclpronounsubject,1du.incl pronoun (subject),2637,WE TWO (INCLUSIVE)
9_1plexclpossedible,1pl.excl.poss (edible),,
10_1plexclpossgeneral,1pl.excl.poss (general),,
11_1plexclposssuffix,1pl.excl.poss suffix,,
12_1plexclpronounnonsubject,1pl.excl pronoun (non-subject),1130,WE (EXCLUSIVE)
13_1plexclpronounsubject,1pl.excl pronoun (subject),1130,WE (EXCLUSIVE)
14_1plinclpossedible,1pl.incl.poss (edible),,
15_1plinclpossgeneral,1pl.incl.poss (general),,
16_1plinclposssuffix,1pl.incl.poss suffix,,
17_1plinclpronounnonsubject,1pl.incl pronoun (non-subject),1131,WE (INCLUSIVE)
18_1plinclpronounsubject,1pl.incl pronoun (subject),1131,WE (INCLUSIVE)
19_1sgpossdrinkable,1sg.poss (drinkable),,
20_1sgpossedible,1sg.poss (edible),,
21_1sgpossgeneral,1sg.poss (general),,
22_1sgposssuffix,1sg.poss suffix,,
23_1sgpronounsubjectornonsubject,1sg pronoun (subject or non-subject),1209,I
24_2dupossedible,2du.poss (edible),,
25_2duposssuffix,2du.poss suffix,,
26_2dupronounnonsubject,2du pronoun (non-subject),2111,YOU TWO
27_2dupronounsubject,2du pronoun (subject),2111,YOU TWO
28_2plpossedible,2pl.poss (edible),,
29_2plposssuffix,2pl.poss suffix,,
30_2plpronounnonsubject,2pl pronoun (non-subject),1213,YOU
31_2plpronounsubject,2pl pronoun (subject),1213,YOU
32_2sg3sgrealsubjectmarker,2sg/3sg.real subject marker,,
33_2sgirrsubjectmarker,2sg.irr subject marker,,
34_2sgpossdrinkable,2sg.poss (drinkable),,
35_2sgpossedible,2sg.poss (edible),,
36_2sgpossgeneral,2sg.poss (general),,
37_2sgposssuffix,2sg.poss suffix,,
38_2sgpronounnonsubject,2sg pronoun (non-subject),1215,THOU
39_2sgpronounsubject,2sg pronoun (subject),1215,THOU
40_3dupossedible,3du.poss (edible),,
41_3dupossgeneral,3du.poss (general),,
42_3duposssuffix,3du.poss suffix,,
43_3dupronounsubjectornonsubject,3du pronoun (subject or non-subject),2635,THEY TWO
44_3plpossedible,3pl.poss (edible),,
45_3plposssuffix,3pl.poss suffix,,
46_3plpronounsubjectornonsubject,3pl pronoun (subject or non-subject),817,THEY
47_3sgirrsubjectmarker,3sg.irr subject marker,,
48_3sgpossdrinkable,3sg.poss (drinkable),,
49_3sgpossedible,3sg.poss (edible),,
50_3sgpossgeneral,3sg.poss (general),,
51_3sgposssuffix,3sg.poss suffix,,
52_3sgpronounsubject,3sg pronoun (subject),262,HE OR SHE OR IT
53_aboveatop,"above, atop",1741,ABOVE
54_adjectivemarker,adjective marker (?),,
55_adzeseashellusedtosmoothwood,adze; seashell used to smooth wood,290,ADZE
56_adzetooltodigoutcanoes,adze; tool to dig out canoes,290,ADZE
57_affirmativeinterjection,affirmative interjection,,
58_afternoonevening,"afternoon, evening",1807,AFTERNOON
59_again,again,204,AGAIN
60_all,all,98,ALL
61_already,already,2576,ALREADY
62_ancestor,ancestor ,1669,ANCESTORS
63_ancestorsorceresswitch,"ancestor; sorceress, witch",1669,ANCESTORS
64_andcoordinator,and (coordinator),1577,AND
65_angrytoanger,angry; to anger,1826,ANGRY
66_animalmeat,"animal, meat",2096,ANIMAL OR MEAT
67_another,another,197,OTHER
68_anus,anus,1935,ANUS
69_arecaleaf,areca leaf,,
70_arecanutbetelnut,areca nut (betel nut),217,BETELNUT
71_arecapalm,areca palm,,
72_arecoidpalmspwildarecoidpalm,arecoid palm sp. (wild arecoid palm),,
73_arecoidpalmtplimbum,arecoid palm (TP: limbum),,
74_armpit,armpit,1886,ARMPIT
75_ashesdust,ashes; dust,646,ASH
76_ashpit,ashpit,,
77_atinontotowardspreposition,"at, in, on; to, towards (preposition)",1461,AT
78_atinpreposition,"at, in (preposition)",1461,AT
79_atpreposition,at (preposition),1461,AT
80_augmentativeprefix,augmentative prefix (?),,
81_axe,axe,677,AXE
82_backbonespine,"backbone, spine",805,SPINE
83_backofbehindafterafterwards,"back of, behind; after, afterwards",1686,BEHIND
84_backofthebodybacksidesternofacanoe,back of the body; backside; stern of a canoe,1291,BACK
85_bad,bad,1292,BAD
86_baldspotcassowarycasque,bald spot; cassowary casque,3415,BALDHEAD
87_ball,ball,1845,BALL
88_bamboo,bamboo,1927,BAMBOO
89_banana,banana,868,BANANA
90_bananafruit,banana fruit,868,BANANA
91_bananaleaf,banana leaf,,
92_bananaplant,banana plant,1795,BANANA TREE
93_bandicoot,bandicoot,3012,BANDICOOT
94_bark,bark,1204,BARK
95_barkofatree,bark of a tree,1204,BARK
96_baseofacoconutshell,base of a coconut shell,,
97_basket,basket,1539,BASKET
98_bayharbor,"bay, harbor",663,BAY
99_beachshore,"beach, shore",3460,BEACH
100_beamofsunlight,beam (of sunlight),,
101_beancornmaize,bean; corn (maize),832,BEAN
102_beard,beard,678,BEARD
103_beforeearlier,"before, earlier",1882,BEFORE
104_behavior,behavior,,
105_belchburp,"belch, burp",2245,BELCH
106_bellystomachcanoe,"belly, stomach; canoe",2114,BELLY OR STOMACH
107_betelpepperleaftplipdaka,betel pepper leaf (TP: lip daka),,
108_betelpepperseed,betel pepper seed,,
109_betelpeppertpdaka,betel pepper (TP: daka),177,BETEL PEPPER VINE
110_betelpeppervinetpropdaka,betel pepper vine (TP: rop daka),,
111_big,big,1202,BIG
112_bigmanchief,"big man, chief",301,CHIEFTAIN
113_birdchicken,"bird, chicken",937,BIRD
114_birdspbirdthatportendsrain,bird sp. (bird that portends rain),,
115_birdspbirdthatsingsatsunriseandsunset,bird sp. (bird that sings at sunrise and sunset),,
116_birdspcassowarytpmuruk,bird sp. (cassowary; TP: muruk),466,CASSOWARY
117_birdspcockatootpkoki,bird sp. (cockatoo; TP: koki),3009,WHITE COCKATOO
118_birdspcrowtpkotkot,bird sp. (crow; TP: kotkot),913,CROW
119_birdsphawktptaragau,bird sp. (hawk; TP: taragau),2683,EAGLE OR HAWK
120_birdsphornbilltpkokomo,bird sp. (hornbill; TP: kokomo),3260,HORNBILL
121_birdspkingfisher,bird sp. (kingfisher),2444,KINGFISHER
122_birdspowl,bird sp. (owl),735,OWL
123_birdspparrottpkalangal,bird sp. (parrot; TP: kalangal),882,PARROT
124_birdspparrotwithredfeatherstpmarip,bird sp. (parrot with red feathers; TP: marip),,
125_birdsppigeontpbalus,bird sp. (pigeon; TP: balus),1853,DOVE
126_birdspsparrow,bird sp. (sparrow),1854,SPARROW
127_birdspwildfowl,bird sp. (wild fowl),,
128_birdspwilliewagtailtoiletkeeper,"bird sp. (willie wagtail, toilet keeper)",3010,WAGTAIL
129_bittersalty,"bitter, salty",887,BITTER
130_black,black,163,BLACK
131_blackdirty,black; dirty,163,BLACK
132_bladder,bladder,1746,BLADDER
133_blind,blind,1653,BLIND
134_bloodsapofatreespirittypetpmasalai,blood; sap of a tree; spirit type (TP: masalai),946,BLOOD
135_boilblister,"boil, blister",793,BOIL (OF SKIN)
136_bone,bone,1394,BONE
137_bottom,bottom,690,BOTTOM
138_bottombaseofacoconutshellstumpofatree,bottom; base of a coconut shell; stump of a tree,690,BOTTOM
139_boy,boy,1366,BOY
140_boymalechild,"boy, male child",2391,BOY OR SON
141_brain,brain,1583,BRAIN
142_branch,branch,1531,BRANCH
143_breadfruit,breadfruit,2371,BREADFRUIT
144_breadfruitfruit,breadfruit fruit,,
145_breadfruitleaf,breadfruit leaf,,
146_breadfruittree,breadfruit tree,,
147_breast,breast,1402,BREAST
148_breeze,breeze,3982,BREEZE
149_bridgetable,bridge; table,1011,BRIDGE
150_broom,broom,245,BROOM
151_brothermaleparallelcousin,brother; male parallel cousin,1262,BROTHER
152_buttocks,buttocks,834,BUTTOCKS
153_buttressrootsp,buttress root sp.,,
154_canegrasstppitpit,cane grass (TP: pitpit),,
155_canoe,canoe,1970,CANOE
156_cassava,cassava,925,CASSAVA
157_causativeprefix,causative prefix,,
158_cemeterytpmatmat,cemetery (TP: matmat),3284,GRAVEYARD
159_chair,chair,1476,CHAIR
160_channel,channel,2423,CHANNEL
161_charcoal,charcoal,1188,CHARCOAL
162_chest,chest,1592,CHEST
163_chewedupbetelnuttpmeme,chewed-up betel nut (TP: meme),,
164_chicken,chicken,1318,CHICKEN
165_child,child,2099,CHILD
166_childbaby,"child, baby",2099,CHILD
167_childespeciallyaboy,child (especially a boy),2099,CHILD
168_childkinshipterm,child (kinship term),1801,CHILD (DESCENDANT)
169_childmanssistersdaughterniece,child; man's sister's daughter (niece),2099,CHILD
170_childrenplural,children (plural),2099,CHILD
171_chincheek,"chin, cheek (?)",1510,CHIN
172_chincheek,"chin, cheek",1510,CHIN
173_cigar,cigar,969,CIGARETTE
174_circumcisionperformedforboysinitiationrites,circumcision (performed for boys' initiation rites),393,CIRCUMCISION
175_citrusfruit,citrus fruit,1126,CITRUS FRUIT
176_clam,clam,,
177_classtermprefixforbasketsopenthings,"class term prefix for baskets, open things",,
178_classtermprefixforfruitsroundthingsbunches,"class term prefix for fruits, round things, bunches",,
179_classtermprefixfortreeslongthingsplants,"class term prefix for trees, long things, plants",,
180_claviclecollarbone,"clavicle, collarbone",1994,COLLARBONE
181_clothtplaplap,cloth (TP: laplap),1616,CLOTH
182_cloud,cloud,1489,CLOUD
183_coconut,coconut,970,COCONUT
184_coconutbarkfiber,coconut bark fiber,,
185_coconutcream,coconut cream,,
186_coconutfrondmidribusedasabroom,coconut frond midrib (used as a broom),,
187_coconutfrondtppangal,coconut frond (TP: pangal),,
188_coconutfruit,coconut fruit,970,COCONUT
189_coconuthalfhalfashell,coconut half (half a shell),,
190_coconutleaftpbombom,coconut leaf (TP: bombom),,
191_coconutpalm,coconut palm,147,COCONUT TREE
192_cold,cold,1287,COLD
193_coldplaceice,cold place; ice,617,ICE
194_comb,comb,1475,COMB
195_conchsp,conch sp.,,
196_containerbox,"container, box",1465,BOX
197_cordylineplanttptangetskirtforwomengrassskirttppurpur,cordyline plant (TP: tanget); skirt for women (grass skirt; TP: purpur),,
198_cornercrevice,"corner, crevice",192,CORNER
199_crabspbig,crab sp. (big),2348,CRAB
200_crabspsmall,crab sp. (small),2348,CRAB
201_cradleofasling,cradle of a sling,,
202_crayfishspbig,crayfish sp. (big),467,CRAYFISH
203_crayfishspsmall,crayfish sp. (small),467,CRAYFISH
204_creekditch,"creek, ditch",2002,DITCH
205_crocodile,crocodile,1857,CROCODILE
206_crooked,crooked,297,CROOKED
207_crops,crops,3081,CROPS
208_crosscousin,cross-cousin,3162,CROSS-COUSIN
209_curved,curved,1698,CURVED
210_cuscuspossum,"cuscus, possum",470,POSSUM
211_cyclonestorm,"cyclone, storm",858,STORM
212_darkness,darkness,11,DARKNESS
213_daughtergirl,"daughter, girl",2392,DAUGHTER OR GIRL
214_dayaftertomorrow,day after tomorrow,1179,DAY AFTER TOMORROW
215_daybeforeyesterday,day before yesterday,1180,DAY BEFORE YESTERDAY
216_deaf,deaf,996,DEAF
217_decorationstpbilas,decorations (TP: bilas),,
218_diggingstickhoe,"digging stick, hoe",339,DIGGING STICK
219_digitfingertoerootofatree,"digit; finger, toe; root of a tree",2120,FINGER OR TOE
220_diminutiveprefix,diminutive prefix (?),,
221_dog,dog,2009,DOG
222_dolphindugong,"dolphin, dugong",1479,DOLPHIN
223_door,door,1567,DOOR
224_doublecanoe,double canoe,,
225_downdownwards,"down, downwards",1326,DOWN
226_dream,dream,2374,DREAM
227_drinkablepossessiveclassifier,drinkable possessive classifier,,
228_drinkingcoconuttpkulau,drinking coconut (TP: kulau),3034,GREEN COCONUT
229_drum,drum,908,DRUM
230_drumtypehanddrumtpkundu,drum type (hand drum; TP: kundu),,
231_drumtypeslitdrumtpgaramut,drum type (slit drum; TP: garamut),,
232_dry,dry,1398,DRY
233_dryarecanutoldarecanut,"dry areca nut, old areca nut",,
234_drycoconut,dry coconut,3035,RIPE COCONUT
235_dualmarker,dual marker,,
236_dullbluntnotsharp,"dull, blunt, not sharp",379,BLUNT
237_dupl1sgirrmarker,du/pl/1sg.irr marker,,
238_dupl1sgrealsubjectmarker,du/pl/1sg.real subject marker,,
239_dustfogsnow,"dust; fog, snow",2,DUST
240_eachonebyonepiecebypiece,"each, one-by-one, piece-by-piece",3416,EVERY (EACH)
241_eargill,ear; gill,1247,EAR
242_earlobe,earlobe,18,EARLOBE
243_earthoventpmumu,earth oven (TP: mumu),1143,OVEN
244_earthquake,earthquake,6,EARTHQUAKE
245_earthsoilground,"earth, soil, ground",3603,EARTH OR LAND
246_earwax,earwax,32,EARWAX
247_ediblepossessiveclassifier1sgpossessor,edible possessive classifier (1sg possessor),,
248_ediblepossessiveclassifier2sggeneralpossessor,edible possessive classifier (2sg/general possessor),,
249_ediblepossessiveclassifier2sgpossessor,edible possessive classifier (2sg possessor),,
250_ediblepossessiveclassifier3sgpossessor,edible possessive classifier (3sg possessor),,
251_ediblepossessiveclassifiernonpronominalpossessor,edible possessive classifier (non-pronominal possessor),,
252_egg,egg,744,EGG
253_elbow,elbow,981,ELBOW
254_empty,empty,1624,EMPTY
255_end,end,742,END (OF SPACE)
256_enemy,enemy,1358,ENEMY
257_excrementfeces,"excrement, feces",675,FAECES (EXCREMENT)
258_eye,eye,1248,EYE
259_eyesideofcoconutshell,eye side of coconut shell,,
260_face,face,1560,FACE
261_fallowgardenagardenthathasbecomeovergrown,fallow garden (a garden that has become overgrown),,
262_falsewrong,"false, wrong",1390,WRONG
263_fan,fan,1971,FAN (OBJECT)
264_fardistant,"far, distant",1406,FAR
265_fatgrease,"fat, grease",323,FAT (ORGANIC SUBSTANCE)
266_fatherpapavocative,"father, papa (vocative)",1217,FATHER
267_fathersbrotherpaternaluncle,father's brother (paternal uncle),1985,PATERNAL UNCLE (FATHER'S BROTHER)
268_fathersolderbrother,father's older brother,,
269_fathersoldersister,father's older sister,,
270_fatherssisterpaternalaunt,father's sister (paternal aunt),2691,PATERNAL AUNT (FATHER'S SISTER)
271_fathersyoungerbrother,father's younger brother,,
272_fathersyoungersister,father's younger sister,,
273_fatheruncle,father; uncle,1217,FATHER
274_fattenedpalmstemusedforflooringtplimbum,fattened palm stem used for flooring (TP: limbum),,
275_femaleinitiationrites,female initiation rites,,
276_femalepigsowfemaleofanyspecies,"female pig, sow; female of any species (?)",2488,FEMALE PIG
277_fence,fence,1690,FENCE
278_fernsp,fern sp.,3802,FERN
279_fever,fever,1534,FEVER
280_figfruit,fig fruit,322,FIG
281_fingernailtoenailclaw,"fingernail, toenail; claw",1896,FINGERNAIL OR TOENAIL
282_finishedcompletedfullofthemoon,"finished, completed, full (of the moon)",,
283_finofafish,fin of a fish,213,FIN
284_fire,fire,221,FIRE
285_firetongs,fire tongs,272,TONGS
286_firstborn,firstborn,,
287_firstbornchild,firstborn child,,
288_fish,fish,227,FISH
289_fishinghook,fishing hook,1074,FISHHOOK
290_fishingline,fishing line,19,FISHING LINE
291_fishingnetbaskettrapforcatchingfish,fishing net; basket trap for catching fish,388,FISHNET
292_fishsp,fish sp.,,
293_fishspcatfishtpmausgraspis,fish sp. (catfish; TP: mausgras pis),3777,CATFISH
294_fishspcodtpbikmaus,fish sp. (cod; TP: bikmaus),,
295_fishspeel,fish sp. (eel),,
296_fishspfishwithasharpnose,fish sp. (fish with a sharp nose),,
297_fishspfishwiththickskin,fish sp. (fish with thick skin),,
298_fishspfreshwaterfish,fish sp. (freshwater fish),,
299_fishsplongwhitefastsaltwaterfish,fish sp. (long white fast saltwater fish),,
300_fishsplongwhitefish,fish sp. (long white fish),,
301_fishspperchtpnilpis,fish sp. (perch; TP: nilpis),2966,PERCH (FISH)
302_fishspprochilodusfishtprabamaus,fish sp. (prochilodus fish; TP: rabamaus),,
303_fishspraytppar,fish sp. (ray; TP: par),,
304_fishspredemperor,fish sp. (red emperor),,
305_fishspredsaltwaterfish,fish sp. (red saltwater fish),,
306_fishspredsnapper,fish sp. (red snapper),,
307_fishsptilapiatpmakau,fish sp. (tilapia; TP: makau),,
308_fishtail,fishtail,,
309_fist,fist,1473,FIST
310_fistofthehand,fist of the hand,1473,FIST
311_five5,five (5),493,FIVE
312_flat,flat,1633,FLAT
313_flood,flood,613,HIGH TIDE
314_floorusuallymadefromflattenedarecoidpalms,floor (usually made from flattened arecoid palms),1632,FLOOR
315_flowerflowersusedtodecoratethevillagetppurpur,flower (flowers used to decorate the village; TP: purpur),239,FLOWER
316_flutemadeofbamboo,flute (made of bamboo),777,FLUTE
317_flyingfoxbat,"flying fox, bat",235,FLYING FOX
318_flyingfoxspbigflyingfox,flying fox sp. (big flying fox),,
319_food,food,256,FOOD
320_footprint,footprint,318,FOOTPRINT
321_foreheadface,"forehead, face",123,FOREHEAD
322_forestwoodsjungle,"forest, woods, jungle",420,FOREST
323_forgoalpreposition,for (goal preposition?),,
324_forthepurposeofinorderto,"for (the purpose of), (in order) to",,
325_four4,four (4),1500,FOUR
326_friend,friend,1325,FRIEND
327_frog,frog,503,FROG
328_fromablativeprepositionwithalongwithcomitativepreposition,"from (ablative preposition); with, along with (comitative preposition)",693,FROM
329_front,front,2194,FRONT (PART)
330_fruitmeatofcoconutarecanutpandanuspulpofapalmortreeinnards,"fruit; meat of coconut, areca nut, pandanus; pulp of a palm or tree; innards",1507,FRUIT
331_fruitsp,fruit sp.,,
332_fruitspmalayappletplaulau,fruit sp. (Malay apple; TP: laulau),,
333_fruitspmango,fruit sp. (mango),2398,MANGO
334_fruitsppapaya,fruit sp. (papaya),2445,PAPAYA
335_full,full,1429,FULL
336_furbodyhair,fur; body hair,2678,HAIR OR FUR
337_futuremarker1sg,future marker (?) (1sg?),,
338_futuremarkern1sg,future marker (?) (n1sg?),,
339_fuzztpmosong,fuzz (TP: mosong),,
340_galipnutfruitofthecanariumtree,galip nut (fruit of the Canarium tree),,
341_garden,garden,586,GARDEN
342_gecko,gecko,2355,GECKO
343_generalpossessiveclassifier1sg3sg,general possessive classifier (1sg/3sg),,
344_generalpossessiveclassifier1sgpossessor,general possessive classifier (1sg possessor),,
345_generalpossessiveclassifier2sg,general possessive classifier (2sg),,
346_generalpossessiveclassifier2sg3dupossessor,general possessive classifier (2sg/3du possessor),,
347_generalpossessiveclassifier2sgpossessor,general possessive classifier (2sg possessor),,
348_generalpossessiveclassifiernonpronominalpossessor,general possessive classifier (non-pronominal possessor),,
349_generalpossessiveclassifiernsgn3du,general possessive classifier (nsg/n3du),,
350_gingertpkawawar,ginger (TP: kawawar),2500,GINGER
351_girl,girl,1646,GIRL
352_girlfemalechild,"girl, female child",2392,DAUGHTER OR GIRL
353_god,god,1944,GOD
354_good,good,1035,GOOD
355_goodafternoon,good afternoon,,
356_goodalrightthankyou,good; alright; thank you,1035,GOOD
357_goodbye,goodbye,3554,GOODBYE
358_goodday,good day,,
359_goodmorning,good morning,,
360_goodnight,good night,,
361_goodyourewelcome,good; you're welcome,1035,GOOD
362_grandchild,grandchild,1617,GRANDCHILD
363_grandfathergreatgrandfathergrandsongreatgrandson,"grandfather, great-grandfather; grandson, great-grandson",1383,GRANDFATHER
364_grandmothergreatgrandmothergranddaughtergreatgranddaughtergrandparent,"grandmother, great-grandmother; granddaughter, great-granddaughter; grandparent",1496,GRANDMOTHER
365_grass,grass,606,GRASS
366_grave,grave,1773,GRAVE
367_grayhair,gray hair,,
368_green,green,1425,GREEN
369_groincrotch,"groin, crotch",,
370_grubspbigediblegrubthatlivesinrottenwood,grub sp. (big edible grub that lives in rotten wood),,
371_grubspbigwhiteediblegrubthatlivesinrottenwood,grub sp. (big white edible grub that lives in rotten wood),,
372_grubspediblegrubthatlivesinarecoidpalms,grub sp. (edible grub that lives in arecoid palms),,
373_grubspredediblegrubthatlivesinvines,grub sp. (red edible grub that lives in vines),,
374_gums,gums,139,GUMS
375_habitualmarker,habitual marker (?),,
376_hairfeather,hair; feather,2381,FEATHER OR FUR OR HAIR
377_handarm,"hand, arm",2121,ARM OR HAND
378_handleofaknife,handle of a knife,,
379_handleofanaxe,handle of an axe,,
380_handleofasling,handle of a sling,,
381_hardmature,"hard, mature",1884,HARD
382_hardnotsoft,hard (not soft),1884,HARD
383_head,head,1256,HEAD
384_headwaterriversource,"headwater, river source",2672,HEADWATERS
385_heavy,heavy,1210,HEAVY
386_heelofthehandheelofthefoot,"heel of the hand, heel of the foot",980,HEEL
387_hello,hello,3553,HELLO
388_here,here,136,HERE
389_hesitationwordumuh,"hesitation word (um, uh)",,
390_hiccup,hiccup,162,HICCOUGH
391_hiphipbone,"hip, hip bone",1745,HIP
392_hithertohere,"hither, to here (?)",2925,HITHER (HERE TO)
393_holedoor,hole; door,1667,HOLE
395_hornofalizard,horn (of a lizard),1393,HORN (ANATOMY)
396_hot,hot,1286,HOT
397_house,house,1252,HOUSE
398_how,how?,1239,HOW
399_howmuchhowmany,how much?; how many?,822,HOW MANY
400_husband,husband,1200,HUSBAND
401_if,if,1459,IF
402_imperativemarkernonsingular,imperative marker (nonsingular),,
403_imperativemarkersingular,imperative marker (singular),,
404_indeedemphaticmarkerintensifierreflexivemarker,"indeed (emphatic marker, intensifier); reflexive marker",,
405_ininside,"in, inside",1460,IN
406_insectspantgeneric,"insect sp. (ant, generic)",587,ANT
407_insectspbedbug,insect sp. (bedbug),1949,BEDBUG
408_insectspbee,insect sp. (bee),665,BEE
409_insectspblackant,insect sp. (black ant),,
410_insectspblowfly,insect sp. (blowfly),,
411_insectspbrownant,insect sp. (brown ant),,
412_insectspbutterfly,insect sp. (butterfly),1791,BUTTERFLY
413_insectspcentipede,insect sp. (centipede),1974,CENTIPEDE
414_insectspcockroach,insect sp. (cockroach),1575,COCKROACH
416_insectspfireflystar,insect sp. (firefly); star,206,FIREFLY
417_insectspflyhousefly,"insect sp. (fly, housefly)",1504,FLY (INSECT)
418_insectspgrasshopper,insect sp. (grasshopper),607,GRASSHOPPER
419_insectsplouse,insect sp. (louse),1392,LOUSE
420_insectspmosquito,insect sp. (mosquito),1509,MOSQUITO
421_insectspprayingmantis,insect sp. (praying mantis),3279,MANTIS
422_insectspredanttpkarakum,insect sp. (red ant; TP: karakum),,
423_insectspsandfly,insect sp. (sandfly?),95,SANDFLY
424_insectspwasp,insect sp. (wasp),1517,WASP
425_insectspwhiteanttermitewhiteantnest,"insect sp. (white ant, termite), white ant nest",883,TERMITE
426_insidein,"inside, in",1606,INSIDE
427_interjectionexpressingexcuseme,interjection expressing 'excuse me',,
428_interjectionexpressingsorry,interjection expressing 'sorry',,
429_intestinesguts,"intestines, guts",1991,INTESTINES
430_inward,inward (?),,
431_island,island,622,ISLAND
432_jawbonebicepsupperarmcalflowerleg,"jawbone; biceps, upper arm; calf, lower leg ",,
433_jellyfishsp,jellyfish sp.,,
434_jewelrytypeearringornosering,jewelry type (earring or nosering),,
435_jewelrywornbywomen,jewelry worn by women,,
436_jewsharp,Jew's harp,3319,JEWâ€™S HARP
437_justnow,just now,1376,NOW
438_knee,knee,1371,KNEE
439_knife,knife,1352,KNIFE
440_knowledgewisdomcustomtradition,"knowledge, wisdom; custom, tradition",3874,KNOWLEDGE
441_knuckle,knuckle,2824,KNUCKLE
442_ladder,ladder,1464,LADDER
443_lagoon,lagoon,623,LAGOON
444_lakepond,"lake, pond",3321,POND OR LAKE
445_landslide,landslide,,
446_lastborn,lastborn,,
447_lastbornchild,lastborn child,,
448_laterafter,"later, after",1685,AFTER
449_leaf,leaf,628,LEAF
450_leafofthehibiscustree,leaf of the hibiscus tree,,
451_leafoftheilimotree,leaf of the ilimo tree,,
452_leftnotright,left (not right),244,LEFT
453_legfoot,"leg, foot",2098,FOOT OR LEG
454_lieuntruthfalsehood,"lie, untruth, falsehood",2826,LIE (FALSEHOOD)
455_lightning,lightning,1654,LIGHTNING
456_lightnotheavy,light (not heavy),1052,LIGHT (WEIGHT)
457_lightoffiresunetc,"light (of fire, sun, etc.)",630,LIGHT (RADIATION)
458_limecontainergourdsp,lime container (gourd sp.),,
459_limespatulalimestick,"lime spatula, lime stick",,
460_limetpkambang,lime (TP: kambang),2540,LIME (MATERIAL)
461_limetpkambangplural,lime (TP: kambang) (plural),2540,LIME (MATERIAL)
462_liplips,"lip, lips",478,LIP
463_litpieceoffirewood,lit piece of firewood,,
464_liverintestinesguts,"liver; intestines, guts",1224,LIVER
465_lizard,lizard,632,LIZARD
466_loinclothformentpmalo,loincloth for men (TP: malo),1965,LOINCLOTH
467_longfar,"long, far",1203,LONG
468_lungsliver,lungs; liver,688,LUNG
469_magictppuripurimalira,"magic (TP: puripuri, malira)",392,MAGIC
470_magictpsanguma,magic (TP: sanguma),392,MAGIC
471_mainland,mainland,166,MAINLAND
472_maleinitiationrites,male initiation rites,,
473_malepigboarmaleofanyspecies,"male pig, boar; male of any species (?)",2487,MALE PIG
474_manolderboymale,"man, older boy; male",1554,MAN
475_mansname,[man's name],,
476_manssisterssonnephewreciprocaloftpkandere,"man's sister's son (nephew, reciprocal of TP kandere)",1063,NEPHEW
477_many,many,1198,MANY
478_maturedry,"mature, dry",,
479_meatflesh,"meat, flesh",2615,FLESH OR MEAT
480_meatinsidethesproutofacoconut,meat inside the sprout of a coconut,,
481_medicinemanshaman,"medicine man, shaman",394,SHAMAN (FOLK HEALER)
482_menolderboysmalesplural,"men, older boys; males (plural)",1554,MAN
483_mensesmenstrualblood,"menses, menstrual blood",766,MENSTRUATION
484_menshousetphausboi,men's house (TP: haus boi),408,MEN'S HOUSE
485_middaynoon,"midday, noon",12,MIDDAY
486_middle,middle,1093,MIDDLE
487_milkyway,Milky Way,2289,MILKY WAY
488_modalparticle,modal particle (?),,
489_money,money,1559,MONEY
490_monitorlizardreptile,"monitor lizard, reptile",3017,MONITOR LIZARD
491_moonmonth,moon; month,2463,MOON OR MONTH
492_moonmontharchaic,"moon, month (archaic) (?)",2463,MOON OR MONTH
493_morning,morning,1339,MORNING
494_motheraunt,mother; aunt,1216,MOTHER
495_mothermamavocative,"mother, mama (vocative)",1216,MOTHER
496_mothersbrothermaternaluncletpkandere,mother's brother (maternal uncle; TP: kandere),2692,MATERNAL UNCLE (MOTHER'S BROTHER)
497_motherssistermaternalaunt,mother's sister (maternal aunt),2693,MATERNAL AUNT (MOTHER'S SISTER)
498_mountain,mountain,639,MOUNTAIN
499_mountainridge,mountain ridge,2123,MOUNTAIN RIDGE
500_mourninghousetphauskrai,mourning house (TP: haus krai),,
501_mouse,mouse,1491,MOUSE
502_moustache,moustache,1165,MOUSTACHE
503_mouthlowerface,"mouth, lower face",674,MOUTH
504_mucussnot,"mucus, snot",208,NASAL MUCUS (SNOT)
505_mud,mud,640,MUD
506_musclestrength,"muscle, strength",1004,MUSCLE
507_mushroom,mushroom,641,MUSHROOM
508_mute,mute,1666,MUTE
509_nail,nail,1896,FINGERNAIL OR TOENAIL
510_name,name,1405,NAME
511_napeoftheneck,nape of the neck,1347,NAPE (OF NECK)
512_narrow,narrow,1267,NARROW
513_navelbellybutton,"navel, belly button",1838,NAVEL
514_nearclose,"near, close",1942,NEAR
515_neck,neck,1333,NECK
516_nestbirdnestantnest,"nest, bird nest, ant nest",539,NEST
517_night,night,1233,NIGHT
518_nipple,nipple,796,NIPPLE
519_nitlouseegg,"nit, louse egg",267,NIT
520_nonegativeresponseword,no (negative response word),1269,NO
521_nonotnegator,"no, not (negator)",1240,NOT
522_nosebeakprowofacanoe,nose; beak; prow of a canoe,1221,NOSE
523_now,now,1376,NOW
524_nutspwildbetelnuttpkawiwi,nut sp. (wild betel nut; TP: kawiwi),,
525_octopus,octopus,2581,OCTOPUS
526_ofgenitivepreposition,of (genitive preposition),,
527_ofgenitiveprepositionfromablativeparticle,of (genitive preposition); from (ablative particle),,
528_old,old,1229,OLD
529_oldbefore,old; before,,
530_olderbrother,older brother,1759,OLDER BROTHER
531_oldermanhusband,"older man, husband",,
532_oldersister,older sister,1758,OLDER SISTER
533_olderwomanwife,"older woman, wife",,
534_oldman,old man,406,OLD MAN
535_oldperson,old (person) (?),725,OLD PERSON
536_oldwoman,old woman,907,OLD WOMAN
537_one1,one (1),1493,ONE
538_onedaybeforeorafter,one day before or after,,
539_oneselfindeed,"oneself, indeed",1993,SELF
540_onlyjust,"only, just",1580,ONLY
541_otheranother,"other, another",197,OTHER
542_outriggerfloat,"outrigger, float",416,OUTRIGGER
543_outside,outside,762,OUTSIDE
544_outsideof,outside of,,
545_outward,outward (?),,
546_oyster,oyster,2830,OYSTERS
547_paddle,paddle,234,PADDLE
548_painachetohurttobeinpaintoache,"pain, ache; to hurt, to be in pain, to ache",1815,ACHE
549_paintoacheofthehead,"pain, to ache (of the head)",3625,HEADACHE
550_palateroofofmouth,"palate, roof of mouth",540,PALATE
551_palmflower,palm flower,,
553_pandanusleaf,pandanus leaf,,
554_pandanusspusedforthatchroofsandmatsalsoeaten,pandanus sp. (used for thatch roofs and mats; also eaten),469,PANDANUS
555_panpinesmadeofbamboo,panpines (made of bamboo),,
557_pathtrailroad,"path, trail, road",2457,PATH OR ROAD
558_peace,peace,1338,PEACE
559_penis,penis,1222,PENIS
560_personalarticle,personal article,,
561_personhuman,"person, human (?)",683,PERSON
562_personhuman,"person, human",683,PERSON
563_pieceofwoodfirewood,piece of wood; firewood,1803,WOOD
564_piecepartsegment,"piece, part, segment",594,PIECE
565_piercingofthenoseperformedforgirlsinitiationrites,piercing of the nose (performed for girls' initiation rites),,
566_pig,pig,1337,PIG
567_pigletsmallpig,"piglet, small pig",2564,PIGLET
568_plain,plain,652,PLAIN
569_plantsp,plant sp.,,
570_plantspplantusedasperfume,plant sp. (plant used as perfume),,
571_please,please,,
572_pleiades,Pleiades,,
573_pluralmarker,plural marker,,
574_pluralmarkingprefix,plural-marking prefix (?),,
575_poison,poison,655,POISON
576_postofahouse,post of a house,281,POST
577_prefix,prefix,,
578_prefix,prefix (?),,
579_problem,problem,2425,PROBLEM
580_question,question,3268,QUESTION
581_rackabovethehearthtosmokeorstorefoodbed,rack above the hearth to smoke or store food; bed,1663,BED
582_rain,rain,658,RAIN (PRECIPITATION)
583_rainbow,rainbow,1733,RAINBOW
584_rainsplural,rains (plural),658,RAIN (PRECIPITATION)
585_ratbandicoot,"rat, bandicoot",1490,RAT
586_rattancanetpkanda,rattan cane (TP: kanda),2497,RATTAN
587_rawuncooked,"raw, uncooked",1959,RAW
588_red,red,156,RED
589_reef,reef,660,REEF
590_rheumeyemucus,"rheum, eye mucus",,
591_ribs,ribs,801,RIB
592_rightnotleft,right (not left),1019,RIGHT
593_ripe,ripe,178,RIPE
594_river,river,666,RIVER
595_riverbank,riverbank,3463,RIVERBANK
596_rivermouthestuary,"river mouth, estuary",1701,RIVER MOUTH
597_roefisheggs,"roe, fish eggs",,
598_roof,roof,769,ROOF
599_rootcassava,root; cassava,670,ROOT
600_roughnotsmooth,rough (not smooth),1923,ROUGH
601_round,round,1395,ROUND
602_sago,sago,2270,SAGO
603_saltmadefromashes,salt (made from ashes),1274,SALT
604_sandrice,sand; rice,671,SAND
605_scaleoffishringwormtineatpgrile,"scale of fish; ringworm, tinea (TP: grile)",266,SCALE
606_scar,scar,497,SCAR
607_scorpion,scorpion,1538,SCORPION
608_seacucumber,sea cucumber,,
609_seafoam,seafoam,,
610_seaoceansalt,"sea, ocean; salt",2282,SEA OR OCEAN
611_seasnailsp,sea snail sp.,,
612_seawormsp,sea worm sp.,,
613_seedfruit,"seed, fruit",714,SEED
614_semen,semen,2283,SEMEN
615_shadow,shadow,2275,SHADOW
616_shadowshadesoulspirit,"shadow, shade; soul, spirit",2275,SHADOW
617_shark,shark,1110,SHARK
618_sharp,sharp,1396,SHARP
619_shellcoconutshelleggshell,"shell, coconut shell, egg shell",598,SHELL
620_shield,shield,1064,SHIELD
621_short,short,1645,SHORT
622_shoulder,shoulder,1482,SHOULDER
623_side,side,682,SIDE
624_sideofthebody,side of the body,,
625_singularmarker,singular marker,,
626_sisterfemaleparallelcousin,sister; female parallel cousin,1263,SISTER
627_skinanimalhidebarkhuskofacoconutorarecanutpeelofabanana,"skin, animal hide; bark; husk of a coconut or areca nut; peel of a banana",763,SKIN
628_skinbodyhullofacanoe,"skin, body; hull of a canoe",763,SKIN
629_sky,sky,1732,SKY
630_sleepingmat,sleeping mat,105,MATTRESS
631_slightly,slightly,,
632_slingtypelongsling,sling type (long sling),387,SLING
633_slingtypeshortsling,sling type (short sling),387,SLING
634_small,small,1246,SMALL
635_smellodor,"smell, odor",3704,ODOR (SMELL)
636_smellystinky,"smelly, stinky",42,STINKING
637_smokecigarette,smoke; cigarette,778,SMOKE (EXHAUST)
638_smooth,smooth,1234,SMOOTH
639_snailsplandsnail,snail sp. (land snail),1543,SNAIL
640_snake,snake,730,SNAKE
641_snakespcobra,snake sp. (cobra),,
642_snakesppythontpmoran,snake sp. (python; TP: moran),1563,PYTHON
643_snakespsleepingsnake,snake sp. (sleeping snake),,
644_sneeze,sneeze,1621,SNEEZE
645_softrotten,"soft, rotten",1856,SOFT
646_somemultiple,"some, multiple",1241,SOME
647_somesomething,"some, something",,
648_somesomethingsomeoneotheranother,"some, something, someone; other, another",,
649_something,something,,
650_sonboy,"son, boy",2391,BOY OR SON
651_song,song,1096,SONG
652_sorcererwarlock,"sorcerer, warlock",823,SORCERER
653_sorceresswitch,"sorceress, witch",824,WITCH
654_sorewound,"sore, wound",51,SORE
655_sour,sour,1906,SOUR
656_speararrow,"spear, arrow",945,SPEAR
657_spearsarrowsplural,"spears, arrows (plural)",945,SPEAR
658_spider,spider,843,SPIDER
659_spiderweb,spider web,1065,SPIDER WEB
660_spirithousetphaustambaran,spirit house (TP: haus tambaran),,
661_spirittypespiritthatchangesintoawoman,spirit type (spirit that changes into a woman),,
662_spirittypetpmasalai,spirit type (TP: masalai),,
663_spirittypetptambarangiant,spirit type (TP: tambaran); giant,,
664_spleen,spleen,1744,SPLEEN
665_sponge,sponge,,
666_spoon,spoon,1378,SPOON
667_spouse,spouse,2514,SPOUSE
668_spousesfatherdaughtershusbanddifferentgenerationmaleaffineinlaw,"spouse's father, daughter's husband (different-generation male affine, in-law)",,
669_spousesmothersonswifedifferentgenerationfemaleaffineinlaw,"spouse's mother, son's wife (different-generation female affine, in-law)",,
670_spousessiblingsiblingsspousesamegenerationaffineinlaw,"spouse's sibling, sibling's spouse (same-generation affine, in-law)",,
671_spring,spring,849,SPRING (OF WATER)
672_starfish,starfish,3032,STARFISH
673_stativemarker,stative marker (?),,
674_sternumbreastbone,"sternum, breastbone",2810,BREASTBONE
675_stick,stick,1295,STICK
676_stingerofaninsect,stinger (of an insect),3798,STINGER
677_stingingnettletpsalat,stinging nettle (TP: salat),33,NETTLE
678_stonerockcoinmoney,"stone, rock; coin money",857,STONE
679_stonetypeflintstone,stone type (flintstone),,
680_stovehearth,"stove, hearth",185,FIREPLACE
681_straight,straight,1404,STRAIGHT
682_strapofstringbag,strap of string bag,,
683_strapputaroundlegstohelpinclimbingpalms,strap put around legs to help in climbing palms,,
684_string,string,362,STRING
685_stringbagnetbagtpbilummarsupialpouch,"string bag, net bag (TP: bilum); marsupial pouch",293,NETBAG
686_stringusedtotiewomensgrassskirts,string used to tie women's grass skirts,,
687_suckerofabananapandanusetc,"sucker of a banana, pandanus, etc.",546,SUCKER
688_sugarcanesugar,"sugarcane, sugar",146,SUGAR CANE
689_sundaytimedaycountabletime,sun; daytime; day (countable); time,2140,DAY OR SUN
690_swamp,swamp,1145,SWAMP
691_sweaty,sweaty,,
692_sweet,sweet,717,SWEET
693_sweetpotato,sweet potato,159,SWEET POTATO
694_sweetsmellingfragrant,"sweet-smelling, fragrant",376,FRAGRANT
695_swordgrasstpkunai,sword grass (TP: kunai),,
696_tadpole,tadpole,3979,TADPOLE
697_tail,tail,1220,TAIL
698_talkspeechstorytptoktoklanguagetptokples,"talk, speech, story (TP: toktok); language (TP: tokples)",1115,SPEECH
699_tallgingertpgorgor,tall ginger (TP: gorgor),,
700_taro,taro,351,TARO
701_tarospdescribedasthunderstriketaro,taro sp. (described as 'thunderstrike' taro),,
702_tarospgreentarowithpurplestripes,taro sp. (green taro with purple stripes),,
703_tarospplantedintheground,taro sp. (planted in the ground),,
704_tarosppurpletaro,taro sp. (purple taro),,
705_tarospredtaroplantedbywater,taro sp. (red taro planted by water),,
706_tarospswamptaro,taro sp. (swamp taro),,
707_tastydelicious,"tasty, delicious",1813,TASTY
708_tattoo,tattoo,68,TATTOO
709_tearteardropdew,"tear, teardrop; dew",1651,TEAR (OF EYE)
710_templeofthehead,temple of the head,1604,TEMPLES
711_testicle,testicle,797,TESTICLES
712_thatcomplementizerthatthosedistaladnominaldemonstrativetherebecause,"that (complementizer); that, those (distal adnominal demonstrative); there; because",,
713_thatthosedistaladnominaldemonstrative,"that, those (distal adnominal demonstrative)",78,THAT
714_thatthosedistaldemonstrativepronounyonder,"that, those (distal demonstrative pronoun); yonder",78,THAT
715_thatthosedistaldemonstrativeyonder,"that, those (distal demonstrative); yonder",78,THAT
716_thatthosemedialadnominaldemonstrative,"that, those (medial adnominal demonstrative)",78,THAT
717_thatthosemedialdemonstrativepronounthere,"that, those (medial demonstrative pronoun); there",78,THAT
718_thatyonderdistaldemonstrative,that yonder (distal demonstrative),78,THAT
719_thencefromthere,"thence, from there (?)",,
720_theotheranotherpersonaperson,"the other, another (person); a person",197,OTHER
721_theotheranotherpersonmedialthatperson,"the other, another (person) (medial); that person",197,OTHER
722_theotheranotherpersonproximalthisperson,"the other, another (person) (proximal); this person",197,OTHER
723_there,there,1937,THERE
724_thick,thick,1244,THICK
725_thighupperleg,"thigh, upper leg",471,UPPER LEG (THIGH)
726_thin,thin,2308,THIN
727_thistheseproximaladnominaldemonstrative,"this, these (proximal adnominal demonstrative)",1214,THIS
728_thistheseproximaldemonstrativepronounhere,"this, these (proximal demonstrative pronoun); here",1214,THIS
729_thithertothere,"thither, to there (?)",2923,THITHER (THERE TO)
730_thornneedle,thorn; needle,124,THORN
731_three3,three (3),492,THREE
732_throat,throat,1346,THROAT
733_thunder,thunder,1150,THUNDER
734_tide,tide,891,TIDE
735_time,time,892,TIME
736_tobacco,tobacco,974,TOBACCO
737_tobaccoleaf,tobacco leaf,,
738_tobakeinanearthoventpmumuim,to bake in an earth oven (TP: mumuim),,
739_tobatheintransitive,to bathe (intransitive),138,BATHE
740_tobeashamed,to be ashamed,1894,ASHAMED
741_tobeattopoundtomash,"to beat, to pound, to mash",1665,BEAT
742_tobedead,to be dead,2101,BE DEAD OR DIE
743_tobehappy,to be happy,1495,HAPPY
744_tobehealthy,to be healthy,1364,HEALTHY
745_tobehungry,to be hungry,1533,BE HUNGRY
746_tobeinsidesomething,to be inside (something),,
747_tobepregnant,to be pregnant,1123,PREGNANT
748_tobesatedtobefull,"to be sated, to be full",106,SATIATED
749_tobesick,to be sick,1847,SICK
750_tobestrong,to be strong,785,STRONG
751_tobethirsty,to be thirsty,3474,BE THIRSTY
752_tobetiredtobesleepy,"to be tired, to be sleepy",1757,TIRED
753_tobite,to bite,1403,BITE
754_toblow,to blow,176,BLOW (WITH MOUTH)
755_toboiltosqueeze,to boil; to squeeze,2493,BOIL
756_tobreakastick,to break (a stick),680,BREAK (DESTROY OR GET DESTROYED)
757_tobreakground,to break (ground),,
758_tobreastfeedtosuckletonursetransitive,"to breastfeed, to suckle, to nurse (transitive)",2472,"SUCKLE (BREASTFEED, NURSE)"
759_tobreathebreath,to breathe; breath,3183,BREATH OR BREATHE
760_toburntransitivetocooktogrilltoroast,"to burn (transitive); to cook, to grill, to roast",141,BURN (SOMETHING)
761_tobuy,to buy,1869,BUY
762_tocarrytogettotaketobearachildtowork,"to carry; to get, to take; to bear (a child); to work",700,CARRY
763_tocatchtohold,"to catch, to hold",702,CATCH
764_tochew,to chew,321,CHEW
765_tochewbetelnut,to chew (betel nut),,
766_tochoose,to choose,1750,CHOOSE
767_toclimbtoascend,"to climb, to ascend",1102,CLIMB
768_toclose,to close,1046,SHUT
769_tocome,to come,1446,COME
770_tocoughcoughphlegm,"to cough; cough, phlegm",879,COUGH
771_tocount,to count,1420,COUNT
772_tocrushtogrind,"to crush, to grind",1033,GRIND
773_tocry,to cry,1839,CRY
774_tocut,to cut,1432,CUT
775_tocuttosplittoslicetosliceopentotear,"to cut, to split, to slice, to slice open, to tear",1437,SPLIT
776_todance,to dance,1879,DANCE
777_todaynow,"today, now",2097,NOW OR TODAY
778_todie,to die,1494,DIE
779_todigahole,to dig (a hole),1418,DIG
780_todream,to dream,1920,DREAM (SOMETHING)
781_todrink,to drink,1401,DRINK
782_toeattoburnintransitive,to eat; to burn (intransitive),1336,EAT
783_tofallofrain,to fall (of rain),2234,FALL (OF SNOW AND RAIN)
784_tofalltodrop,"to fall, to drop",1280,FALL
785_tofalltotopple,"to fall, to topple",1280,FALL
786_tofeartobeafraid,"to fear, to be afraid",1419,FEAR (BE AFRAID)
787_tofeel,to feel,1079,FEEL
788_tofight,to fight,1423,FIGHT
789_tofindtolookfortoseektohunt,"to find; to look for, to seek; to hunt",719,FIND
790_tofinish,to finish,1766,FINISH
791_toflatulatetofart,"to flatulate, to fart",1159,FART
792_tofloat,to float,1574,FLOAT
793_toflowtorun,to flow; to run,2003,FLOW
794_tofly,to fly,1441,FLY (MOVE THROUGH AIR)
795_tofordativeorbenefactivepreposition,"to, for (dative or benefactive preposition)",,
796_tofry,to fry,991,FRY
797_togive,to give,1447,GIVE
798_togointogoundertosetofthesun,"to go in, to go under; to set (of the sun)",749,ENTER
799_togotocome,"to go, to come",695,GO
800_togotoriseofthesun,to go; to rise (of the sun),,
801_togrowtoclimbsproutshoot,"to grow; to climb; sprout, shoot",479,GROW
802_tohideintransitivesecret,to hide (intransitive); secret,2485,HIDE (ONESELF)
803_tohidetransitive,to hide (transitive),602,HIDE (CONCEAL)
804_tohittobeat,"to hit, to beat",2133,STRIKE OR BEAT
805_tohitwithastickburn,to hit (with a stick); burn (?),2133,STRIKE OR BEAT
806_tohunttocatch,to hunt; to catch,1435,HUNT
807_toilet,toilet,219,TOILET
808_toitchitchscabiesrashtpkaskas,"to itch; itch; scabies, rash (TP: kaskas)",148,ITCH
809_tojump,to jump,1829,JUMP
810_tokill,to kill,1417,KILL
811_toknow,to know,3626,KNOW
812_tolaugh,to laugh,1355,LAUGH
813_toliedown,to lie down,215,LIE DOWN
814_tolisten,to listen (?),1608,LISTEN
815_tolivetobealive,"to live, to be alive",1422,BE ALIVE
816_tolookfor,to look (for),1819,LOOK
817_tomaketobuildtodo,"to make, to build, to do",2575,DO OR MAKE
818_tomoiplanguage,Tomoip (language),,
819_tomoiplanguage,Tomoip language,,
820_tomorrow,tomorrow,1329,TOMORROW
821_tongue,tongue,1205,TONGUE
822_toopen,to open,1156,OPEN
823_tooth,tooth,1380,TOOTH
824_top,top,1753,TOP
825_topeel,to peel,275,PEEL
826_toplant,to plant,1486,PLANT (SOMETHING)
827_toplaytomakelaugh,"to play, to make laugh",1413,PLAY
828_toprohibittoprevent,"to prohibit, to prevent",83,FORBID
829_topull,to pull,1455,PULL
830_topush,to push,1452,PUSH
831_toput,to put,998,PUT
832_torain,to rain,1253,RAIN (RAINING)
833_torch,torch,1919,TORCH
834_torubtowipe,"to rub, to wipe",1449,RUB
835_toscratchanitchtoscrapetogrindacoconut,"to scratch (an itch); to scrape, to grind (a coconut)",1436,SCRATCH
836_tosee,to see,1409,SEE
837_tosell,to sell,1571,SELL
838_tosewtoweave,"to sew, to weave",1457,SEW
839_toshoottostab,"to shoot, to stab",1172,SHOOT
840_tosing,to sing,1261,SING
841_tosit,to sit,1416,SIT
842_tosleep,to sleep,1585,SLEEP
843_tosliceup,to slice up,,
844_tosmelltransitive,to smell (transitive),1586,SMELL (PERCEIVE)
845_tosnoresnore,to snore; snore,1983,SNORE
846_tospitsalivaspittle,"to spit; saliva, spittle",1440,SPIT
847_tosqueezeeggratedcoconut,"to squeeze (e.g., grated coconut)",1414,SQUEEZE
848_tosqueezeegwetclothing,"to squeeze (e.g., wet clothing)",1414,SQUEEZE
849_tostabrepeatedly,to stab repeatedly,,
850_tostand,to stand,1442,STAND
851_tostaytobeattobelocatedattolive,"to stay, to be at, to be located at, to live",987,REMAIN
852_tosteal,to steal,713,STEAL
853_tostealtheeveningstar,to steal; the evening star,713,STEAL
854_tostink,to stink,1587,SMELL (STINK)
855_tosucktosuckletonurseintransitive,"to suck; to suckle, to nurse (intransitive)",1421,SUCK
856_toswellegskin,"to swell (e.g., skin)",1573,SWELL
857_toswimoffish,to swim (of fish),1439,SWIM
858_toswimofpeople,to swim (of people),1439,SWIM
859_totalktospeak,to talk; to speak,2708,TALK
860_totheleftwhenfacingthesea,to the left when facing the sea,,
861_totherightwhenfacingthesea,to the right when facing the sea,,
862_tothink,to think,2271,THINK
863_tothrowtopelt,"to throw, to pelt",1456,THROW
864_totietotieuptofasten,"to tie, to tie up, to fasten",1917,TIE
865_toturntosay,to turn; to say,1588,TURN
866_tourinate,to urinate,592,PISS
867_tovomitvomitus,to vomit; vomitus,1278,VOMIT
868_towalk,to walk,1443,WALK
869_towashtoclean,"to wash, to clean",1453,WASH
870_toyawn,to yawn,1028,YAWN
871_transitivesuffix,transitive suffix,,
872_transitivesuffix,transitive suffix (?),,
873_traptrapforcatchinglandanimals,"trap, trap for catching land animals",3320,SNARE (TRAP)
874_trashgarbagedirty,"trash, garbage; dirty",909,GARBAGE
875_trashpile,trash pile,,
876_tree,tree,906,TREE
877_treesp,tree sp.,,
878_treespcanariumtreegalipnut,"tree sp. (Canarium tree, galip nut)",,
879_treespcedartree,tree sp. (cedar tree),,
880_treespeucalyptustreetpkumurere,tree sp. (eucalyptus tree; TP: kumurere),3007,EUCALYPT
881_treespfigtreetpfikus,tree sp. (fig tree; TP: fikus),,
882_treesphardwoodtreenewguineateaktpgaramut,tree sp. (hardwood tree [New Guinea teak?]; TP: garamut),,
883_treesphardwoodtreetpkalopilum,"tree sp. (hardwood tree, TP: kalopilum)",,
884_treesphibiscustreetpmangas,tree sp. (hibiscus tree; TP: mangas),,
885_treespilimotreetperima,tree sp. (ilimo tree; TP: erima),,
886_treespindiancoraltpbalbal,tree sp. (Indian coral; TP: balbal),,
887_treespironwoodtreetpkwila,tree sp. (ironwood tree; TP: kwila),,
888_treespislandlycheetpton,tree sp. (island lychee; TP: ton),,
889_treesppinetree,tree sp. (pine tree),1740,PINE
890_treespseaalmondtreetptalis,tree sp. (sea almond tree; TP: talis),,
891_treesptahitianchestnuttreetpaila,tree sp. (Tahitian chestnut tree; TP: aila),,
892_treespwalnuttree,tree sp. (walnut tree),2042,WALNUT
893_treetopcrownoftree,"treetop, crown (of tree)",3036,TREETOP
894_truecorrect,"true, correct",1657,TRUE
895_turtle,turtle,112,TURTLE
896_tusk,tusk,3280,TUSK
897_two2,two (2),1498,TWO
898_umbilicalcord,umbilical cord,2663,UMBILICAL CORD
899_underbelow,"under, below",1485,BELOW OR UNDER
900_upupwards,"up, upwards",1591,UP
901_urine,urine,1142,URINE
902_uteruswomb,"uterus, womb",804,WOMB
903_vegetablesgenerictpkumu,vegetables (generic; TP: kumu),924,VEGETABLES
904_vegetablesp,vegetable sp.,,
905_vegetablespamaranthtpaupa,vegetable sp. (amaranth; TP: aupa),,
906_vegetablespbeanwithblackseeds,vegetable sp. (bean with black seeds),,
907_vegetablespcucumber,vegetable sp. (cucumber),496,CUCUMBER
908_vegetablesptpaibika,vegetable sp. (TP: aibika),,
909_vegetablespturmeric,vegetable sp. (turmeric),2842,TURMERIC
910_veinthread,vein; thread,1924,VEIN
911_very,very,1311,VERY
912_village,village,930,VILLAGE
913_vinerope,vine; rope,343,VINE
914_vinespvineusedtomakefishinghooks,vine sp. (vine used to make fishing hooks),,
915_vinespvinewiththornsusedtomakeneedles,vine sp. (vine with thorns used to make needles),,
916_vulvavagina,"vulva, vagina",1837,VULVA
917_walkingstick,walking stick,1296,WALKING STICK
918_wall,wall,3830,WALL
919_wallaby,wallaby,165,WALLABY
920_waterrivermilk,"water, river; milk",948,WATER
921_wave,wave,978,WAVE
922_weaksad,"weak, sad",1601,WEAK
923_wet,wet,1726,WET
924_what,what?,1236,WHAT
925_when,when?,1238,WHEN
926_where,where?,1237,WHERE
927_wherefromwhence,"where from?, whence?",,
928_wheretowhither,"where to?, whither?",2928,WHITHER (WHERE TO)
929_whirlpool,whirlpool,1982,WHIRLPOOL
930_white,white,1335,WHITE
931_whitewoman,white woman (?),2840,WHITE WOMAN
932_who,who?,1235,WHO
933_wholeentirebunchegofcoconutsarecanutsbananas,"whole, entire; bunch (e.g., of coconuts, areca nuts, bananas)",2277,WHOLE
934_why,why?,1270,WHY
935_wide,wide,1243,WIDE
936_wife,wife,1199,WIFE
937_wildbetelpepper,wild betel pepper,,
938_windheart,wind; heart,960,WIND
939_wing,wing,1257,WING
940_withinstrumentalprepositionofinfullof,with (instrumental preposition); of (in 'full of'),,
941_womanoldergirlfemale,"woman, older girl; female",962,WOMAN
942_womansname,[woman's name],,
943_womenoldergirlsfemalesplural,"women, older girls; females (plural)",962,WOMAN
944_work,work,1086,WORK (ACTIVITY)
945_wormspearthwormsp,"worm sp., earthworm sp.",1219,WORM
946_worryproblemconcern,"worry, problem, concern",,
947_wrist,wrist,799,WRIST
948_yam,yam,410,YAM
949_yamleaf,yam leaf,,
950_yammound,yam mound,,
951_yamplant,yam plant,,
952_yamsppurpleyam,yam sp. (purple yam),,
953_yamsptpmami,yam sp. (TP: mami),,
954_yamspwhiteandyellowyam,yam sp. (white-and-yellow yam),,
955_yamspwhiteyamthatisshapedlikeahandle,yam sp. (white yam that is shaped like a handle),,
956_yamspwildyam,yam sp. (wild yam),,
957_yamspyamshapedlikeacoilingsnake,yam sp. (yam shaped like a coiling snake),,
958_yamthorn,yam thorn,,
959_yearpeaceceremony,year; peace ceremony,1226,YEAR
960_yellow,yellow,1424,YELLOW
961_yesaffirmativeresponse,yes (affirmative response),1268,YES
962_yesterday,yesterday,1174,YESTERDAY
963_youngarecapalm,young areca palm,,
964_youngerbrother,younger brother,1760,YOUNGER BROTHER
965_youngersister,younger sister,1761,YOUNGER SISTER
966_youngnewunripeimmature,"young, new, unripe, immature",1207,YOUNG
